,catalog_number,products
0,TS5ES-00030,"['HP Indigo 100K Digital Press', 'HP Indigo 100k HD Digital Press']"
1,TS3ES-00010,"['HP Indigo 6P Digital Press', 'HP Indigo 7r Digital Press', 'HP Indigo 6800 Series Digital Presses', 'HP Indigo 8K Digital Press', 'HP Indigo 7800 Digital Press', 'HP Indigo 6900 Digital Press', 'HP Indigo 7eco Digital Press', 'HP Indigo 6K Digital Press', 'HP Indigo 6000 Series Digital Presses', 'HP Indigo 7900 Digital Press', 'HP Indigo 6r Digital Press', 'HP Indigo W7250 Digital Press', 'HP Indigo 7K Digital Press', 'HP Indigo 6600 Series Digital Presses', 'HP Indigo 7000 Digital Press', 'HP Indigo 7600 Digital Press', 'HP Indigo 8000 Digital Press']"
2,TS4ES-00020,"['HP Indigo 30000 Digital Press', 'HP Indigo 30000 Series Digital Presses']"
3,TN-2595,"['HP Indigo 20000 Digital Press', 'HP Indigo 20000 Series Digital Presses']"
4,CA464-00640,['HP Indigo 200K Digital Press']
5,CA554-01122,['HP Indigo 200K Digital Press']
6,CN-2601,"['HP Indigo 100K Digital Press', 'HP Indigo 100k HD Digital Press']"
7,TN-2594,"['HP Indigo 10000 HD Digital Press', 'HP Indigo 30000 Digital Press', 'HP Indigo 10r Digital Press', 'HP Indigo 12000 HD Digital Press', 'HP Indigo 25K Digital Press', 'HP Indigo 15K Digital Press', 'HP Indigo 12000 Digital Press', 'HP Indigo 20000 Digital Press', 'HP Indigo 15k HD Digital Press', 'HP Indigo 35K Digital Press', 'HP Indigo 10000 Digital Press', 'HP Indigo 20000 Series Digital Presses', 'HP Indigo 30000 Series Digital Presses']"
8,TN-2603,"['HP Indigo 100K Digital Press', 'HP Indigo 100k HD Digital Press']"
9,CN-2591,"['HP Indigo 7r Digital Press', 'HP Indigo 7800 Digital Press', 'HP Indigo 7eco Digital Press', 'HP Indigo 7900 Digital Press', 'HP Indigo 7500 Digital Press', 'HP Indigo 7K Digital Press', 'HP Indigo 7000 Digital Press', 'HP Indigo 7600 Digital Press']"
10,TN-2612,['HP Indigo 6K Digital Press']
11,TS3ES-00013,"['HP Indigo 6800 Series Digital Presses', 'HP Indigo 6900 Digital Press', 'HP Indigo 6K Digital Press', 'HP Indigo 6000 Series Digital Presses', 'HP Indigo 6600 Series Digital Presses']"
12,TN-2616,"['HP Indigo 6P Digital Press', 'HP Indigo 7r Digital Press', 'HP Indigo 6800 Series Digital Presses', 'HP Indigo 8K Digital Press', 'HP Indigo 7800 Digital Press', 'HP Indigo 6900 Digital Press', 'HP Indigo 7eco Digital Press', 'HP Indigo 6K Digital Press', 'HP Indigo 6000 Series Digital Presses', 'HP Indigo 7900 Digital Press', 'HP Indigo 6r Digital Press', 'HP Indigo W7250 Digital Press', 'HP Indigo 7K Digital Press', 'HP Indigo 6600 Series Digital Presses', 'HP Indigo 7000 Digital Press', 'HP Indigo 7600 Digital Press', 'HP Indigo 8000 Digital Press']"
13,TN-2619,['HP Indigo 35K Digital Press']
14,TN-2623,"['HP Indigo 7r Digital Press', 'HP Indigo 6800 Series Digital Presses', 'HP Indigo 7800 Digital Press', 'HP Indigo 7900 Digital Press', 'HP Indigo 6K Digital Press', 'HP Indigo 6000 Series Digital Presses', 'HP Indigo 6r Digital Press', 'HP Indigo 7500 Digital Press', 'HP Indigo 7K Digital Press', 'HP Indigo 6600 Series Digital Presses', 'HP Indigo 7000 Digital Press', 'HP Indigo 7600 Digital Press']"
15,TN-2621,"['HP Indigo 10000 HD Digital Press', 'HP Indigo 10r Digital Press', 'HP Indigo 12000 HD Digital Press', 'HP Indigo 15K Digital Press', 'HP Indigo 12000 Digital Press', 'HP Indigo 15k HD Digital Press', 'HP Indigo 35K Digital Press', 'HP Indigo 10000 Digital Press']"
16,TN-2570,"['HP Indigo 6900 Digital Press', 'HP Indigo 6800 Series Digital Presses']"
17,xR-0092,"['HP Indigo 100K Digital Press', 'HP Indigo 100k HD Digital Press']"
18,TN-2647,['HP Indigo V12 Digital Press']
19,TN-2640,"['HP Indigo 100K Digital Press', 'HP Indigo 100k HD Digital Press']"
20,TN-2674,"['HP Indigo 7r Digital Press', 'HP Indigo 10r Digital Press', 'HP Indigo 6900 Digital Press', 'HP Indigo 15K Digital Press', 'HP Indigo 6000 Series Digital Presses', 'HP Indigo 6r Digital Press', 'HP Indigo 6600 Series Digital Presses', 'HP Indigo 12000 Digital Press', 'HP Indigo 20000 Digital Press', 'HP Indigo 7600 Digital Press', 'HP Indigo 10000 Digital Press', 'HP Indigo 5r Digital Press', 'HP Indigo 6P Digital Press', 'HP Indigo 12000 HD Digital Press', 'HP Indigo 25K Digital Press', 'HP Indigo 7000 Digital Press', 'HP Indigo 15k HD Digital Press', 'HP Indigo 35K Digital Press', 'HP Indigo 8000 Digital Press', 'HP Indigo 10000 HD Digital Press', 'HP Indigo 30000 Digital Press', 'HP Indigo 6800 Series Digital Presses', 'HP Indigo 8K Digital Press', 'HP Indigo 7800 Digital Press', 'HP Indigo 5500 Digital Press', 'HP Indigo W7250 Digital Press', 'HP Indigo 7K Digital Press', 'HP Indigo 20000 Series Digital Presses', 'HP Indigo 30000 Series Digital Presses', 'HP Indigo 7eco Digital Press', 'HP Indigo 6K Digital Press', 'HP Indigo W7200 Digital Press', 'HP Indigo 7900 Digital Press', 'HP Indigo 5500 Press']"
21,CN-2674,"['HP Indigo 7r Digital Press', 'HP Indigo 10r Digital Press', 'HP Indigo 6900 Digital Press', 'HP Indigo 15K Digital Press', 'HP Indigo 6000 Series Digital Presses', 'HP Indigo 6r Digital Press', 'HP Indigo 6600 Series Digital Presses', 'HP Indigo 12000 Digital Press', 'HP Indigo 20000 Digital Press', 'HP Indigo 7600 Digital Press', 'HP Indigo 10000 Digital Press', 'HP Indigo 5r Digital Press', 'HP Indigo 6P Digital Press', 'HP Indigo 12000 HD Digital Press', 'HP Indigo 25K Digital Press', 'HP Indigo 7000 Digital Press', 'HP Indigo 15k HD Digital Press', 'HP Indigo 35K Digital Press', 'HP Indigo 8000 Digital Press', 'HP Indigo 10000 HD Digital Press', 'HP Indigo 30000 Digital Press', 'HP Indigo 6800 Series Digital Presses', 'HP Indigo 8K Digital Press', 'HP Indigo 7800 Digital Press', 'HP Indigo 5500 Digital Press', 'HP Indigo W7250 Digital Press', 'HP Indigo 7K Digital Press', 'HP Indigo 20000 Series Digital Presses', 'HP Indigo 30000 Series Digital Presses', 'HP Indigo 7eco Digital Press', 'HP Indigo 6K Digital Press', 'HP Indigo W7200 Digital Press', 'HP Indigo 7900 Digital Press', 'HP Indigo 5500 Press']"
22,TS5OM-00013,['HP Indigo 120K Digital Press']
23,TS4OM-00015,['HP Indigo 18K Digital Press']
24,TN-2398,"['HP Indigo 30000 Digital Press', 'HP Indigo 20000 Digital Press', 'HP Indigo WS6600 Digital Press', 'HP Indigo WS6000 Digital Press', 'HP Indigo 8000 Digital Press', 'HP Indigo WS6800 Digital Press', 'HP Indigo 20000 Series Digital Presses', 'HP Indigo 30000 Series Digital Presses']"
25,TN-2300,"['HP Indigo 30000 Digital Press', 'HP Indigo 20000 Digital Press', 'HP Indigo WS6600 Digital Press', 'HP Indigo 8000 Digital Press', 'HP Indigo WS6800 Digital Press', 'HP Indigo 20000 Series Digital Presses', 'HP Indigo 30000 Series Digital Presses']"
26,TN-2213,"['HP Indigo WS6600 Digital Press', 'HP Indigo WS6800 Digital Press']"
27,TN-1826,"['HP Indigo 10000 HD Digital Press', 'HP Indigo 10000 Digital Press', 'HP Indigo 7800 Digital Press']"
28,TS5ES-00059,"['HP Indigo 7r Digital Press', 'HP Indigo 10r Digital Press', 'HP Indigo 6900 Digital Press', 'HP Indigo 15K Digital Press', 'HP Indigo 6000 Series Digital Presses', 'HP Indigo 6r Digital Press', 'HP Indigo 6600 Series Digital Presses', 'HP Indigo 12000 Digital Press', 'HP Indigo 20000 Digital Press', 'HP Indigo 7600 Digital Press', 'HP Indigo ws2000 Digital Press', 'HP Indigo 10000 Digital Press', 'HP Indigo 5r Digital Press', 'HP Indigo 6P Digital Press', 'HP Indigo 200K Digital Press', 'HP Indigo S2000 Press', 'HP Indigo 12000 HD Digital Press', 'HP Indigo 3550 Digital Press', 'HP Indigo 25K Digital Press', 'HP Indigo WS4600 Digital Press', 'HP Indigo 1050 Press', 'HP Indigo 7000 Digital Press', 'HP Indigo 15k HD Digital Press', 'HP Indigo 35K Digital Press', 'HP Indigo 8000 Digital Press', 'HP Indigo 5600 Digital Press', 'HP Indigo ws4500 Digital Press', 'HP Indigo 10000 HD Digital Press', 'HP Indigo 30000 Digital Press', 'HP Indigo 6800 Series Digital Presses', 'HP Indigo 8K Digital Press', 'HP Indigo 7800 Digital Press', 'HP Indigo 5500 Digital Press', 'HP Indigo 5000 Digital Press', 'HP Indigo W7250 Digital Press', 'HP Indigo 5900 Digital Press', 'HP Indigo 7K Digital Press', 'HP Indigo 3500 Digital Press', 'HP Indigo 20000 Series Digital Presses', 'HP Indigo 30000 Series Digital Presses', 'HP Indigo 7eco Digital Press', 'HP Indigo 6K Digital Press', 'HP Indigo s2000 Digital Press', 'HP Indigo 100k HD Digital Press', 'HP Indigo 100K Digital Press', 'HP Indigo 7900 Digital Press', 'HP Indigo 5500 Press']"
29,CA293-04190,"['HP Indigo 5500 Digital Press', 'HP Indigo 5500 Press']"
30,CA293-07470,['HP Indigo 5600 Digital Press']
31,CA394-24410,['HP Indigo 5900 Digital Press']
32,CA393-00880,['HP Indigo WS6000 Digital Press']
33,CA393-02290,['HP Indigo WS6000p Digital Press']
34,CA393-05140,['HP Indigo WS6600 Digital Press']
35,CA494-32850,"['HP Indigo 10000 HD Digital Press', 'HP Indigo 12000 HD Digital Press', 'HP Indigo 15K Digital Press', 'HP Indigo 100k HD Digital Press', 'HP Indigo 100K Digital Press', 'HP Indigo 12000 Digital Press', 'HP Indigo 15k HD Digital Press', 'HP Indigo 10000 Digital Press']"
36,CA494-32870,"['HP Indigo 10000 HD Digital Press', 'HP Indigo 12000 HD Digital Press', 'HP Indigo 15K Digital Press', 'HP Indigo 100k HD Digital Press', 'HP Indigo 100K Digital Press', 'HP Indigo 12000 Digital Press', 'HP Indigo 15k HD Digital Press', 'HP Indigo 10000 Digital Press']"
37,CA494-32860,"['HP Indigo 10000 HD Digital Press', 'HP Indigo 12000 HD Digital Press', 'HP Indigo 15K Digital Press', 'HP Indigo 100k HD Digital Press', 'HP Indigo 100K Digital Press', 'HP Indigo 12000 Digital Press', 'HP Indigo 15k HD Digital Press', 'HP Indigo 10000 Digital Press']"
38,CA494-32880,"['HP Indigo 10000 HD Digital Press', 'HP Indigo 15K Digital Press', 'HP Indigo 100k HD Digital Press', 'HP Indigo 100K Digital Press', 'HP Indigo 15k HD Digital Press', 'HP Indigo 10000 Digital Press']"
39,CA494-32840,"['HP Indigo 10000 HD Digital Press', 'HP Indigo 12000 HD Digital Press', 'HP Indigo 15K Digital Press', 'HP Indigo 100k HD Digital Press', 'HP Indigo 100K Digital Press', 'HP Indigo 12000 Digital Press', 'HP Indigo 15k HD Digital Press', 'HP Indigo 10000 Digital Press']"
40,CA494-32810,"['HP Indigo 10000 HD Digital Press', 'HP Indigo 12000 HD Digital Press', 'HP Indigo 15K Digital Press', 'HP Indigo 100k HD Digital Press', 'HP Indigo 100K Digital Press', 'HP Indigo 12000 Digital Press', 'HP Indigo 15k HD Digital Press', 'HP Indigo 10000 Digital Press']"
41,CA494-32830,"['HP Indigo 10000 HD Digital Press', 'HP Indigo 12000 HD Digital Press', 'HP Indigo 15K Digital Press', 'HP Indigo 100k HD Digital Press', 'HP Indigo 100K Digital Press', 'HP Indigo 12000 Digital Press', 'HP Indigo 15k HD Digital Press', 'HP Indigo 10000 Digital Press']"
42,CA494-32890,"['HP Indigo 10000 HD Digital Press', 'HP Indigo 12000 HD Digital Press', 'HP Indigo 15K Digital Press', 'HP Indigo 100k HD Digital Press', 'HP Indigo 100K Digital Press', 'HP Indigo 12000 Digital Press', 'HP Indigo 15k HD Digital Press', 'HP Indigo 10000 Digital Press']"
43,CA494-32820,"['HP Indigo 10000 HD Digital Press', 'HP Indigo 12000 HD Digital Press', 'HP Indigo 15K Digital Press', 'HP Indigo 100k HD Digital Press', 'HP Indigo 100K Digital Press', 'HP Indigo 12000 Digital Press', 'HP Indigo 15k HD Digital Press', 'HP Indigo 10000 Digital Press']"
44,CA394-28950,"['HP Indigo 7r Digital Press', 'HP Indigo 7800 Digital Press', 'HP Indigo 7900 Digital Press', 'HP Indigo 7500 Digital Press', 'HP Indigo 7K Digital Press', 'HP Indigo 7000 Digital Press', 'HP Indigo 7600 Digital Press']"
45,CA394-28970,"['HP Indigo 7r Digital Press', 'HP Indigo 7800 Digital Press', 'HP Indigo 7900 Digital Press', 'HP Indigo 7500 Digital Press', 'HP Indigo 7K Digital Press', 'HP Indigo 7000 Digital Press', 'HP Indigo 7600 Digital Press']"
46,CA394-28990,"['HP Indigo 7r Digital Press', 'HP Indigo 7800 Digital Press', 'HP Indigo 7900 Digital Press', 'HP Indigo 7500 Digital Press', 'HP Indigo 7K Digital Press', 'HP Indigo 7000 Digital Press', 'HP Indigo 7600 Digital Press']"
47,CA394-29010,"['HP Indigo 7r Digital Press', 'HP Indigo 7800 Digital Press', 'HP Indigo 7900 Digital Press', 'HP Indigo 7500 Digital Press', 'HP Indigo 7K Digital Press', 'HP Indigo 7000 Digital Press', 'HP Indigo 7600 Digital Press']"
48,CA394-29020,"['HP Indigo 7r Digital Press', 'HP Indigo 7800 Digital Press', 'HP Indigo 7900 Digital Press', 'HP Indigo 7500 Digital Press', 'HP Indigo 7K Digital Press', 'HP Indigo 7000 Digital Press', 'HP Indigo 7600 Digital Press']"
49,CA394-29030,"['HP Indigo 7r Digital Press', 'HP Indigo 7800 Digital Press', 'HP Indigo 7900 Digital Press', 'HP Indigo 7500 Digital Press', 'HP Indigo 7K Digital Press', 'HP Indigo 7000 Digital Press', 'HP Indigo 7600 Digital Press']"
50,CA394-26340,[]
51,CA394-26400,['HP Indigo 5900 Digital Press']
52,CA494-31000,"['HP Indigo 20000 Digital Press', 'HP Indigo 20000 Series Digital Presses']"
53,CA494-30940,"['HP Indigo 20000 Digital Press', 'HP Indigo 20000 Series Digital Presses']"
54,CA494-30980,"['HP Indigo 20000 Digital Press', 'HP Indigo 20000 Series Digital Presses']"
55,CA494-30990,"['HP Indigo 20000 Digital Press', 'HP Indigo 20000 Series Digital Presses']"
56,CA494-30970,"['HP Indigo 20000 Digital Press', 'HP Indigo 20000 Series Digital Presses']"
57,CA394-05352,"['HP Indigo 8000 Digital Press', 'HP Indigo 6000 Series Digital Presses']"
58,CA394-05382,"['HP Indigo 8000 Digital Press', 'HP Indigo 6000 Series Digital Presses']"
59,CA394-05372,"['HP Indigo 8000 Digital Press', 'HP Indigo 6000 Series Digital Presses']"
60,CA394-05392,"['HP Indigo 8000 Digital Press', 'HP Indigo 6000 Series Digital Presses']"
61,CA394-14391,"['HP Indigo 8000 Digital Press', 'HP Indigo 6000 Series Digital Presses']"
62,CA394-05342,"['HP Indigo 8000 Digital Press', 'HP Indigo 6000 Series Digital Presses']"
63,CA394-05332,"['HP Indigo 8000 Digital Press', 'HP Indigo 6000 Series Digital Presses']"
64,CA394-14381,"['HP Indigo 8000 Digital Press', 'HP Indigo 6000 Series Digital Presses']"
65,CA394-29900,"['HP Indigo 7800 Digital Press', 'HP Indigo 7eco Digital Press', 'HP Indigo 7600 Digital Press', 'HP Indigo 7K Digital Press', 'HP Indigo 7900 Digital Press']"
66,CA394-29890,"['HP Indigo 7800 Digital Press', 'HP Indigo 7eco Digital Press', 'HP Indigo 7600 Digital Press', 'HP Indigo 7K Digital Press', 'HP Indigo 7900 Digital Press']"
67,CA394-29910,"['HP Indigo 7K Digital Press', 'HP Indigo 7800 Digital Press', 'HP Indigo 7900 Digital Press', 'HP Indigo 7600 Digital Press']"
68,CA394-29920,"['HP Indigo 7K Digital Press', 'HP Indigo 7900 Digital Press', 'HP Indigo 7eco Digital Press', 'HP Indigo 7600 Digital Press']"
69,CA394-29930,"['HP Indigo 7800 Digital Press', 'HP Indigo 7eco Digital Press', 'HP Indigo 7600 Digital Press', 'HP Indigo 7K Digital Press', 'HP Indigo 7900 Digital Press']"
70,CA394-29940,"['HP Indigo 7800 Digital Press', 'HP Indigo 7eco Digital Press', 'HP Indigo 7600 Digital Press', 'HP Indigo 7K Digital Press', 'HP Indigo 7900 Digital Press']"
71,CA394-29960,"['HP Indigo 7800 Digital Press', 'HP Indigo 7eco Digital Press', 'HP Indigo 7600 Digital Press', 'HP Indigo 7K Digital Press', 'HP Indigo 7900 Digital Press']"
72,CA394-29950,"['HP Indigo 7800 Digital Press', 'HP Indigo 7eco Digital Press', 'HP Indigo 7600 Digital Press', 'HP Indigo 7K Digital Press', 'HP Indigo 7900 Digital Press']"
73,CA394-30100,['HP Indigo 7000 Digital Press']
74,CA394-30130,['HP Indigo 7000 Digital Press']
75,CA394-30140,['HP Indigo 7000 Digital Press']
76,CA394-30150,['HP Indigo 7000 Digital Press']
77,CA394-30170,['HP Indigo 7000 Digital Press']
78,CA394-29270,"['HP Indigo 6800 Series Digital Presses', 'HP Indigo 6900 Digital Press', 'HP Indigo 6K Digital Press', 'HP Indigo 6r Digital Press', 'HP Indigo 6600 Series Digital Presses']"
79,CA394-29280,"['HP Indigo 6900 Digital Press', 'HP Indigo WS6600 Digital Press', 'HP Indigo WS6800 Digital Press', 'HP Indigo 6r Digital Press']"
80,CA394-29290,"['HP Indigo 6800 Series Digital Presses', 'HP Indigo 6900 Digital Press', 'HP Indigo 6K Digital Press', 'HP Indigo 6r Digital Press', 'HP Indigo 6600 Series Digital Presses']"
81,CA394-29300,"['HP Indigo 6800 Series Digital Presses', 'HP Indigo 6900 Digital Press', 'HP Indigo 6K Digital Press', 'HP Indigo 6r Digital Press', 'HP Indigo 6600 Series Digital Presses']"
82,CA394-29310,"['HP Indigo 6800 Series Digital Presses', 'HP Indigo 6900 Digital Press', 'HP Indigo 6K Digital Press', 'HP Indigo 6r Digital Press', 'HP Indigo 6600 Series Digital Presses']"
83,CA394-29320,"['HP Indigo 6800 Series Digital Presses', 'HP Indigo 6900 Digital Press', 'HP Indigo 6K Digital Press', 'HP Indigo 6r Digital Press', 'HP Indigo 6600 Series Digital Presses']"
84,CA394-29330,"['HP Indigo 6900 Digital Press', 'HP Indigo WS6600 Digital Press', 'HP Indigo WS6800 Digital Press', 'HP Indigo 6r Digital Press']"
85,CA394-29340,"['HP Indigo 6800 Series Digital Presses', 'HP Indigo 6900 Digital Press', 'HP Indigo 6K Digital Press', 'HP Indigo 6r Digital Press', 'HP Indigo 6600 Series Digital Presses']"
86,CA394-29350,"['HP Indigo 6900 Digital Press', 'HP Indigo WS6600 Digital Press', 'HP Indigo WS6800 Digital Press', 'HP Indigo 6r Digital Press']"
87,PPC-000010,"['HP Indigo 10000 HD Digital Press', 'HP Indigo 30000 Digital Press', 'HP Indigo 10r Digital Press', 'HP Indigo 12000 HD Digital Press', 'HP Indigo 15K Digital Press', 'HP Indigo 12000 Digital Press', 'HP Indigo 15k HD Digital Press', 'HP Indigo 10000 Digital Press', 'HP Indigo 30000 Series Digital Presses']"
88,PPC-000020,"['HP Indigo 10000 HD Digital Press', 'HP Indigo 30000 Digital Press', 'HP Indigo 10r Digital Press', 'HP Indigo 12000 HD Digital Press', 'HP Indigo 15K Digital Press', 'HP Indigo 12000 Digital Press', 'HP Indigo 15k HD Digital Press', 'HP Indigo 10000 Digital Press', 'HP Indigo 30000 Series Digital Presses']"
89,PPC-000030,"['HP Indigo 10000 HD Digital Press', 'HP Indigo 30000 Digital Press', 'HP Indigo 10r Digital Press', 'HP Indigo 12000 HD Digital Press', 'HP Indigo 15K Digital Press', 'HP Indigo 12000 Digital Press', 'HP Indigo 15k HD Digital Press', 'HP Indigo 10000 Digital Press', 'HP Indigo 30000 Series Digital Presses']"
90,PPC-000040,"['HP Indigo 10000 HD Digital Press', 'HP Indigo 30000 Digital Press', 'HP Indigo 10r Digital Press', 'HP Indigo 12000 HD Digital Press', 'HP Indigo 15K Digital Press', 'HP Indigo 12000 Digital Press', 'HP Indigo 15k HD Digital Press', 'HP Indigo 10000 Digital Press', 'HP Indigo 30000 Series Digital Presses']"
91,PPC-000050,"['HP Indigo 10000 HD Digital Press', 'HP Indigo 30000 Digital Press', 'HP Indigo 10r Digital Press', 'HP Indigo 12000 HD Digital Press', 'HP Indigo 15K Digital Press', 'HP Indigo 12000 Digital Press', 'HP Indigo 15k HD Digital Press', 'HP Indigo 10000 Digital Press', 'HP Indigo 30000 Series Digital Presses']"
92,PPC-000060,"['HP Indigo 30000 Digital Press', 'HP Indigo 35K Digital Press', 'HP Indigo 30000 Series Digital Presses']"
93,PPC-000070,"['HP Indigo 30000 Digital Press', 'HP Indigo 35K Digital Press', 'HP Indigo 30000 Series Digital Presses']"
94,PPC-000080,"['HP Indigo 30000 Digital Press', 'HP Indigo 35K Digital Press', 'HP Indigo 30000 Series Digital Presses']"
95,PPC-000090,"['HP Indigo 10r Digital Press', 'HP Indigo 12000 HD Digital Press', 'HP Indigo 15K Digital Press', 'HP Indigo 100k HD Digital Press', 'HP Indigo 100K Digital Press', 'HP Indigo 12000 Digital Press', 'HP Indigo 15k HD Digital Press']"
96,PPC-000100,"['HP Indigo 100K Digital Press', 'HP Indigo 100k HD Digital Press']"
97,PPC-000110,"['HP Indigo 100K Digital Press', 'HP Indigo 100k HD Digital Press']"
98,PPC-000120,"['HP Indigo 100K Digital Press', 'HP Indigo 100k HD Digital Press']"
99,PPC-000130,"['HP Indigo 100K Digital Press', 'HP Indigo 100k HD Digital Press']"
100,PPC-000140,"['HP Indigo 100K Digital Press', 'HP Indigo 100k HD Digital Press']"
101,PPC-000150,"['HP Indigo 100K Digital Press', 'HP Indigo 100k HD Digital Press']"
102,PPC-000160,"['HP Indigo 100K Digital Press', 'HP Indigo 100k HD Digital Press']"
103,PPC-000170,"['HP Indigo 10000 HD Digital Press', 'HP Indigo 30000 Digital Press', 'HP Indigo 10r Digital Press', 'HP Indigo 15K Digital Press', 'HP Indigo 100k HD Digital Press', 'HP Indigo 100K Digital Press', 'HP Indigo 15k HD Digital Press', 'HP Indigo 35K Digital Press', 'HP Indigo 10000 Digital Press', 'HP Indigo 30000 Series Digital Presses']"
104,PPC-000230,"['HP Indigo 6800 Series Digital Presses', 'HP Indigo 6900 Digital Press', 'HP Indigo 6K Digital Press', 'HP Indigo 6000 Series Digital Presses', 'HP Indigo 6600 Series Digital Presses']"
105,PPC-000240,"['HP Indigo 6800 Series Digital Presses', 'HP Indigo 6900 Digital Press', 'HP Indigo 6K Digital Press', 'HP Indigo 6000 Series Digital Presses', 'HP Indigo 6600 Series Digital Presses']"
106,PPC-000250,"['HP Indigo 6800 Series Digital Presses', 'HP Indigo 6900 Digital Press', 'HP Indigo 6K Digital Press', 'HP Indigo 6000 Series Digital Presses', 'HP Indigo 6600 Series Digital Presses']"
107,PPC-000260,"['HP Indigo 6800 Series Digital Presses', 'HP Indigo 6900 Digital Press', 'HP Indigo 6K Digital Press', 'HP Indigo 6000 Series Digital Presses', 'HP Indigo 6600 Series Digital Presses']"
108,PPC-000270,"['HP Indigo 6800 Series Digital Presses', 'HP Indigo 6900 Digital Press', 'HP Indigo 6K Digital Press', 'HP Indigo 6000 Series Digital Presses', 'HP Indigo 6600 Series Digital Presses']"
109,PPC-000280,"['HP Indigo 6800 Series Digital Presses', 'HP Indigo 6900 Digital Press', 'HP Indigo 6K Digital Press', 'HP Indigo 6000 Series Digital Presses', 'HP Indigo 6600 Series Digital Presses']"
110,PPC-000300,"['HP Indigo 6800 Series Digital Presses', 'HP Indigo 6900 Digital Press', 'HP Indigo 6K Digital Press', 'HP Indigo 6000 Series Digital Presses', 'HP Indigo 6600 Series Digital Presses']"
111,PPC-000310,"['HP Indigo 6800 Series Digital Presses', 'HP Indigo 6900 Digital Press', 'HP Indigo 6K Digital Press', 'HP Indigo 6000 Series Digital Presses', 'HP Indigo 6600 Series Digital Presses']"
112,PPC-000320,"['HP Indigo 6800 Series Digital Presses', 'HP Indigo 6900 Digital Press', 'HP Indigo 6K Digital Press', 'HP Indigo 6000 Series Digital Presses', 'HP Indigo 6600 Series Digital Presses']"
113,PPC-000330,"['HP Indigo 6800 Series Digital Presses', 'HP Indigo 6900 Digital Press', 'HP Indigo 6K Digital Press', 'HP Indigo 6000 Series Digital Presses', 'HP Indigo 6600 Series Digital Presses']"
114,CA594-00150,"['HP Indigo 100K Digital Press', 'HP Indigo 100k HD Digital Press']"
115,CA394-10141,['HP Indigo 7000 Digital Press']
116,CA394-10151,['HP Indigo 7000 Digital Press']
117,CA394-10181,['HP Indigo 7000 Digital Press']
118,CA394-10171,['HP Indigo 7000 Digital Press']
119,CA394-10131,['HP Indigo 7000 Digital Press']
120,CA394-10111,['HP Indigo 7000 Digital Press']
121,CA394-23140,['HP Indigo 7000 Digital Press']
122,CA394-23160,['HP Indigo 7000 Digital Press']
123,CA394-07623,"['HP Indigo 7000 Digital Press', 'HP Indigo 8000 Digital Press', 'HP Indigo 6000 Series Digital Presses', 'HP Indigo W7200 Digital Press']"
124,CA394-07593,"['HP Indigo 7000 Digital Press', 'HP Indigo 8000 Digital Press', 'HP Indigo 6000 Series Digital Presses', 'HP Indigo W7200 Digital Press']"
125,CA394-07653,"['HP Indigo 7000 Digital Press', 'HP Indigo 8000 Digital Press', 'HP Indigo 6000 Series Digital Presses', 'HP Indigo W7200 Digital Press']"
126,CA394-07633,"['HP Indigo 7000 Digital Press', 'HP Indigo 8000 Digital Press', 'HP Indigo 6000 Series Digital Presses', 'HP Indigo W7200 Digital Press']"
127,CA394-07603,"['HP Indigo 7000 Digital Press', 'HP Indigo 8000 Digital Press', 'HP Indigo 6000 Series Digital Presses', 'HP Indigo W7200 Digital Press']"
128,CA394-07673,"['HP Indigo 7000 Digital Press', 'HP Indigo 8000 Digital Press', 'HP Indigo 6000 Series Digital Presses', 'HP Indigo W7200 Digital Press']"
129,CA394-07613,"['HP Indigo 7000 Digital Press', 'HP Indigo 8000 Digital Press', 'HP Indigo 6000 Series Digital Presses', 'HP Indigo W7200 Digital Press']"
130,CA394-07643,"['HP Indigo 7000 Digital Press', 'HP Indigo 8000 Digital Press', 'HP Indigo 6000 Series Digital Presses', 'HP Indigo W7200 Digital Press']"
131,CA394-07663,"['HP Indigo 7000 Digital Press', 'HP Indigo 8000 Digital Press', 'HP Indigo 6000 Series Digital Presses', 'HP Indigo W7200 Digital Press']"
132,CA494-09480,"['HP Indigo 25K Digital Press', 'HP Indigo 20000 Digital Press', 'HP Indigo 20000 Series Digital Presses']"
133,CA494-09500,"['HP Indigo 25K Digital Press', 'HP Indigo 20000 Digital Press', 'HP Indigo 20000 Series Digital Presses']"
134,CA494-09550,"['HP Indigo 25K Digital Press', 'HP Indigo 20000 Digital Press', 'HP Indigo 20000 Series Digital Presses']"
135,CA494-09470,"['HP Indigo 25K Digital Press', 'HP Indigo 20000 Digital Press', 'HP Indigo 20000 Series Digital Presses']"
136,CA494-21340,"['HP Indigo 12000 HD Digital Press', 'HP Indigo 15K Digital Press', 'HP Indigo 12000 Digital Press', 'HP Indigo 15k HD Digital Press']"
137,CA494-21270,"['HP Indigo 12000 HD Digital Press', 'HP Indigo 15K Digital Press', 'HP Indigo 12000 Digital Press', 'HP Indigo 15k HD Digital Press']"
138,CA494-21330,"['HP Indigo 12000 HD Digital Press', 'HP Indigo 15K Digital Press', 'HP Indigo 12000 Digital Press', 'HP Indigo 15k HD Digital Press']"
139,CA494-21320,"['HP Indigo 12000 HD Digital Press', 'HP Indigo 15K Digital Press', 'HP Indigo 12000 Digital Press', 'HP Indigo 15k HD Digital Press']"
140,CA494-00352,"['HP Indigo 10000 HD Digital Press', 'HP Indigo 10000 Digital Press']"
141,CA494-00372,"['HP Indigo 10000 HD Digital Press', 'HP Indigo 10000 Digital Press']"
142,CA494-00312,"['HP Indigo 10000 HD Digital Press', 'HP Indigo 10000 Digital Press']"
143,CA494-21290,"['HP Indigo 12000 HD Digital Press', 'HP Indigo 15K Digital Press', 'HP Indigo 12000 Digital Press', 'HP Indigo 15k HD Digital Press']"
144,CA394-27090,"['HP Indigo 6900 Digital Press', 'HP Indigo 6K Digital Press', 'HP Indigo 6800 Series Digital Presses', 'HP Indigo 6P Digital Press']"
145,CA394-27130,"['HP Indigo 6900 Digital Press', 'HP Indigo 6K Digital Press', 'HP Indigo 6800 Series Digital Presses', 'HP Indigo 6P Digital Press']"
146,CA394-27080,"['HP Indigo 6900 Digital Press', 'HP Indigo 6K Digital Press', 'HP Indigo 6800 Series Digital Presses', 'HP Indigo 6P Digital Press']"
147,CA394-27060,"['HP Indigo 6900 Digital Press', 'HP Indigo 6K Digital Press', 'HP Indigo 6800 Series Digital Presses', 'HP Indigo 6P Digital Press']"
148,CA394-27110,"['HP Indigo 6900 Digital Press', 'HP Indigo 6K Digital Press', 'HP Indigo 6800 Series Digital Presses', 'HP Indigo 6P Digital Press']"
149,CA394-27120,"['HP Indigo 6900 Digital Press', 'HP Indigo 6K Digital Press', 'HP Indigo 6800 Series Digital Presses', 'HP Indigo 6P Digital Press']"
150,CA394-27050,"['HP Indigo 6900 Digital Press', 'HP Indigo 6K Digital Press', 'HP Indigo 6800 Series Digital Presses', 'HP Indigo 6P Digital Press']"
151,CA394-28270,"['HP Indigo 7r Digital Press', 'HP Indigo 7800 Digital Press', 'HP Indigo 7eco Digital Press', 'HP Indigo 7900 Digital Press', 'HP Indigo 7500 Digital Press', 'HP Indigo 7K Digital Press', 'HP Indigo 7000 Digital Press', 'HP Indigo 7600 Digital Press']"
152,CA394-28280,"['HP Indigo 7r Digital Press', 'HP Indigo 7800 Digital Press', 'HP Indigo 7eco Digital Press', 'HP Indigo 7900 Digital Press', 'HP Indigo 7500 Digital Press', 'HP Indigo 7K Digital Press', 'HP Indigo 7000 Digital Press', 'HP Indigo 7600 Digital Press']"
153,CA394-28290,"['HP Indigo 7r Digital Press', 'HP Indigo 7800 Digital Press', 'HP Indigo 7eco Digital Press', 'HP Indigo 7900 Digital Press', 'HP Indigo 7500 Digital Press', 'HP Indigo 7K Digital Press', 'HP Indigo 7000 Digital Press', 'HP Indigo 7600 Digital Press']"
154,CA394-28300,"['HP Indigo 7r Digital Press', 'HP Indigo 7800 Digital Press', 'HP Indigo 7eco Digital Press', 'HP Indigo 7900 Digital Press', 'HP Indigo 7500 Digital Press', 'HP Indigo 7K Digital Press', 'HP Indigo 7000 Digital Press', 'HP Indigo 7600 Digital Press']"
155,CA394-28350,"['HP Indigo 7r Digital Press', 'HP Indigo 7800 Digital Press', 'HP Indigo 7eco Digital Press', 'HP Indigo 7900 Digital Press', 'HP Indigo 7500 Digital Press', 'HP Indigo 7K Digital Press', 'HP Indigo 7000 Digital Press', 'HP Indigo 7600 Digital Press']"
156,CA394-28310,"['HP Indigo 7r Digital Press', 'HP Indigo 7800 Digital Press', 'HP Indigo 7eco Digital Press', 'HP Indigo 7900 Digital Press', 'HP Indigo 7500 Digital Press', 'HP Indigo 7K Digital Press', 'HP Indigo 7000 Digital Press', 'HP Indigo 7600 Digital Press']"
157,CA394-28320,"['HP Indigo 7r Digital Press', 'HP Indigo 7800 Digital Press', 'HP Indigo 7eco Digital Press', 'HP Indigo 7900 Digital Press', 'HP Indigo 7500 Digital Press', 'HP Indigo 7K Digital Press', 'HP Indigo 7000 Digital Press', 'HP Indigo 7600 Digital Press']"
158,CA394-28330,"['HP Indigo 7r Digital Press', 'HP Indigo 7800 Digital Press', 'HP Indigo 7eco Digital Press', 'HP Indigo 7900 Digital Press', 'HP Indigo 7500 Digital Press', 'HP Indigo 7K Digital Press', 'HP Indigo 7000 Digital Press', 'HP Indigo 7600 Digital Press']"
159,CA394-28340,"['HP Indigo 7r Digital Press', 'HP Indigo 7800 Digital Press', 'HP Indigo 7eco Digital Press', 'HP Indigo 7900 Digital Press', 'HP Indigo 7500 Digital Press', 'HP Indigo 7K Digital Press', 'HP Indigo 7000 Digital Press', 'HP Indigo 7600 Digital Press']"
160,CA494-24810,"['HP Indigo 10000 HD Digital Press', 'HP Indigo 100K Digital Press', 'HP Indigo 10000 Digital Press', 'HP Indigo 100k HD Digital Press']"
161,CA494-24760,"['HP Indigo 10000 HD Digital Press', 'HP Indigo 10000 Digital Press']"
162,CA494-24770,"['HP Indigo 10000 HD Digital Press', 'HP Indigo 100K Digital Press', 'HP Indigo 10000 Digital Press', 'HP Indigo 100k HD Digital Press']"
163,CA494-24800,"['HP Indigo 10000 HD Digital Press', 'HP Indigo 100K Digital Press', 'HP Indigo 10000 Digital Press', 'HP Indigo 100k HD Digital Press']"
164,CA494-24730,"['HP Indigo 10000 HD Digital Press', 'HP Indigo 100K Digital Press', 'HP Indigo 10000 Digital Press', 'HP Indigo 100k HD Digital Press']"
165,CA494-24790,"['HP Indigo 10000 HD Digital Press', 'HP Indigo 100K Digital Press', 'HP Indigo 10000 Digital Press', 'HP Indigo 100k HD Digital Press']"
166,CA494-24780,"['HP Indigo 10000 HD Digital Press', 'HP Indigo 100K Digital Press', 'HP Indigo 10000 Digital Press', 'HP Indigo 100k HD Digital Press']"
167,CA394-28750,"['HP Indigo 6000 Series Digital Presses', 'HP Indigo W7200 Digital Press', 'HP Indigo 5900 Digital Press', 'HP Indigo 7000 Digital Press', 'HP Indigo 8000 Digital Press']"
168,CA394-28710,"['HP Indigo 7000 Digital Press', 'HP Indigo 8000 Digital Press', 'HP Indigo 6000 Series Digital Presses', 'HP Indigo W7200 Digital Press']"
169,CA394-28620,"['HP Indigo 6000 Series Digital Presses', 'HP Indigo W7200 Digital Press', 'HP Indigo 5900 Digital Press', 'HP Indigo 7000 Digital Press', 'HP Indigo 8000 Digital Press']"
170,CA394-28630,"['HP Indigo 6000 Series Digital Presses', 'HP Indigo W7200 Digital Press', 'HP Indigo 5900 Digital Press', 'HP Indigo 7000 Digital Press', 'HP Indigo 8000 Digital Press']"
171,CA394-28660,"['HP Indigo 6000 Series Digital Presses', 'HP Indigo W7200 Digital Press', 'HP Indigo 5900 Digital Press', 'HP Indigo 7000 Digital Press', 'HP Indigo 8000 Digital Press']"
172,CA394-28640,"['HP Indigo 6000 Series Digital Presses', 'HP Indigo W7200 Digital Press', 'HP Indigo 5900 Digital Press', 'HP Indigo 7000 Digital Press', 'HP Indigo 8000 Digital Press']"
173,CA394-28700,"['HP Indigo 6000 Series Digital Presses', 'HP Indigo W7200 Digital Press', 'HP Indigo 5900 Digital Press', 'HP Indigo 7000 Digital Press', 'HP Indigo 8000 Digital Press']"
174,CA394-28690,"['HP Indigo 6000 Series Digital Presses', 'HP Indigo W7200 Digital Press', 'HP Indigo 5900 Digital Press', 'HP Indigo 7000 Digital Press', 'HP Indigo 8000 Digital Press']"
175,CA394-28670,"['HP Indigo 6000 Series Digital Presses', 'HP Indigo W7200 Digital Press', 'HP Indigo 5900 Digital Press', 'HP Indigo 7000 Digital Press', 'HP Indigo 8000 Digital Press']"
176,CA394-28680,"['HP Indigo 6000 Series Digital Presses', 'HP Indigo W7200 Digital Press', 'HP Indigo 5900 Digital Press', 'HP Indigo 7000 Digital Press', 'HP Indigo 8000 Digital Press']"
177,CA394-28730,"['HP Indigo 6000 Series Digital Presses', 'HP Indigo W7200 Digital Press', 'HP Indigo 5900 Digital Press', 'HP Indigo 7000 Digital Press', 'HP Indigo 8000 Digital Press']"
178,CA394-28650,"['HP Indigo 6000 Series Digital Presses', 'HP Indigo W7200 Digital Press', 'HP Indigo 5900 Digital Press', 'HP Indigo 7000 Digital Press', 'HP Indigo 8000 Digital Press']"
179,CA394-28810,['HP Indigo 5900 Digital Press']
180,CA394-28610,"['HP Indigo 6000 Series Digital Presses', 'HP Indigo W7200 Digital Press', 'HP Indigo 5900 Digital Press', 'HP Indigo 7000 Digital Press', 'HP Indigo 8000 Digital Press']"
181,CA394-28780,"['HP Indigo 6000 Series Digital Presses', 'HP Indigo W7200 Digital Press', 'HP Indigo 5900 Digital Press', 'HP Indigo 7000 Digital Press', 'HP Indigo 8000 Digital Press']"
182,CA394-25910,"['HP Indigo 7800 Digital Press', 'HP Indigo 7600 Digital Press', 'HP Indigo 7500 Digital Press', 'HP Indigo 7K Digital Press', 'HP Indigo 7900 Digital Press']"
183,CA394-25930,"['HP Indigo 7800 Digital Press', 'HP Indigo 7600 Digital Press', 'HP Indigo 7500 Digital Press', 'HP Indigo 7K Digital Press', 'HP Indigo 7900 Digital Press']"
184,CA394-25900,"['HP Indigo 7800 Digital Press', 'HP Indigo 7600 Digital Press', 'HP Indigo 7500 Digital Press', 'HP Indigo 7K Digital Press', 'HP Indigo 7900 Digital Press']"
185,CA394-25980,"['HP Indigo 7800 Digital Press', 'HP Indigo 7600 Digital Press', 'HP Indigo 7500 Digital Press', 'HP Indigo 7K Digital Press', 'HP Indigo 7900 Digital Press']"
186,CA394-25920,"['HP Indigo 7800 Digital Press', 'HP Indigo 7600 Digital Press', 'HP Indigo 7500 Digital Press', 'HP Indigo 7K Digital Press', 'HP Indigo 7900 Digital Press']"
187,CA394-25960,"['HP Indigo 7800 Digital Press', 'HP Indigo 7600 Digital Press', 'HP Indigo 7500 Digital Press', 'HP Indigo 7K Digital Press', 'HP Indigo 7900 Digital Press']"
188,CA394-25970,['HP Indigo 7000 Digital Press']
189,CA394-25940,"['HP Indigo 7800 Digital Press', 'HP Indigo 7600 Digital Press', 'HP Indigo 7500 Digital Press', 'HP Indigo 7K Digital Press', 'HP Indigo 7900 Digital Press']"
190,CA394-25950,"['HP Indigo 7800 Digital Press', 'HP Indigo 7600 Digital Press', 'HP Indigo 7500 Digital Press', 'HP Indigo 7K Digital Press', 'HP Indigo 7900 Digital Press']"
191,CA394-28410,"['HP Indigo 6900 Digital Press', 'HP Indigo 6600 Series Digital Presses', 'HP Indigo 6800 Series Digital Presses']"
192,CA394-28420,"['HP Indigo 6900 Digital Press', 'HP Indigo 6600 Series Digital Presses', 'HP Indigo 6800 Series Digital Presses']"
193,CA394-28390,"['HP Indigo 6900 Digital Press', 'HP Indigo 6600 Series Digital Presses', 'HP Indigo 6800 Series Digital Presses']"
194,CA394-28430,"['HP Indigo 6900 Digital Press', 'HP Indigo 6600 Series Digital Presses', 'HP Indigo 6800 Series Digital Presses']"
195,CA394-28460,"['HP Indigo 6900 Digital Press', 'HP Indigo 6600 Series Digital Presses', 'HP Indigo 6800 Series Digital Presses']"
196,CA394-28470,"['HP Indigo 6900 Digital Press', 'HP Indigo 6600 Series Digital Presses', 'HP Indigo 6800 Series Digital Presses']"
197,CA394-28450,"['HP Indigo 6900 Digital Press', 'HP Indigo 6600 Series Digital Presses', 'HP Indigo 6800 Series Digital Presses']"
198,CA394-28440,"['HP Indigo 6900 Digital Press', 'HP Indigo 6600 Series Digital Presses', 'HP Indigo 6800 Series Digital Presses']"
199,CA394-28400,"['HP Indigo 6900 Digital Press', 'HP Indigo 6600 Series Digital Presses', 'HP Indigo 6800 Series Digital Presses']"
200,CA394-23230,"['HP Indigo 7000 Digital Press', 'HP Indigo 6000 Series Digital Presses']"
201,CA394-23210,"['HP Indigo 7000 Digital Press', 'HP Indigo 6000 Series Digital Presses']"
202,CA394-23240,"['HP Indigo 7000 Digital Press', 'HP Indigo 6000 Series Digital Presses']"
203,CA394-23290,"['HP Indigo 7000 Digital Press', 'HP Indigo 6000 Series Digital Presses']"
204,CA394-23260,"['HP Indigo 7000 Digital Press', 'HP Indigo 6000 Series Digital Presses']"
205,CA394-23270,"['HP Indigo 7000 Digital Press', 'HP Indigo 6000 Series Digital Presses']"
206,CA394-23280,"['HP Indigo 7000 Digital Press', 'HP Indigo 6000 Series Digital Presses']"
207,CA394-23250,"['HP Indigo 7000 Digital Press', 'HP Indigo 6000 Series Digital Presses']"
208,CA394-23220,"['HP Indigo 7000 Digital Press', 'HP Indigo 6000 Series Digital Presses']"
209,CA394-25090,[]
210,CA394-25050,"['HP Indigo 8000 Digital Press', 'HP Indigo 8K Digital Press']"
211,CA394-25060,"['HP Indigo 8000 Digital Press', 'HP Indigo 8K Digital Press']"
212,CA394-25080,"['HP Indigo 8000 Digital Press', 'HP Indigo 8K Digital Press']"
213,CA394-25030,"['HP Indigo 8000 Digital Press', 'HP Indigo 8K Digital Press']"
214,CA394-27100,"['HP Indigo 6900 Digital Press', 'HP Indigo 6K Digital Press', 'HP Indigo 6800 Series Digital Presses', 'HP Indigo 6P Digital Press']"
215,CA394-27070,"['HP Indigo 6900 Digital Press', 'HP Indigo 6K Digital Press', 'HP Indigo 6800 Series Digital Presses', 'HP Indigo 6P Digital Press']"
216,CA394-24610,[]
217,CA394-28930,['HP Indigo WS6000 Digital Press']
218,CA394-28860,"['HP Indigo 6P Digital Press', 'HP Indigo 6800 Series Digital Presses', 'HP Indigo 6900 Digital Press', 'HP Indigo 6K Digital Press', 'HP Indigo 6000 Series Digital Presses', 'HP Indigo 6r Digital Press', 'HP Indigo 6600 Series Digital Presses']"
219,CA394-28890,[]
220,CA394-28870,"['HP Indigo 6P Digital Press', 'HP Indigo 6800 Series Digital Presses', 'HP Indigo 6900 Digital Press', 'HP Indigo 6K Digital Press', 'HP Indigo 6000 Series Digital Presses', 'HP Indigo 6r Digital Press', 'HP Indigo 6600 Series Digital Presses']"
221,CA394-28900,"['HP Indigo 7r Digital Press', 'HP Indigo 7800 Digital Press', 'HP Indigo 7900 Digital Press', 'HP Indigo 7500 Digital Press', 'HP Indigo 7K Digital Press', 'HP Indigo 7000 Digital Press', 'HP Indigo 7600 Digital Press']"
222,CA394-28130,"['HP Indigo 8000 Digital Press', 'HP Indigo 8K Digital Press']"
223,CA394-28230,"['HP Indigo 8000 Digital Press', 'HP Indigo 8K Digital Press']"
224,CA394-28200,"['HP Indigo 8000 Digital Press', 'HP Indigo 8K Digital Press']"
225,CA494-19980,[]
226,CA394-23120,['HP Indigo 7000 Digital Press']
227,CA394-23150,['HP Indigo 7000 Digital Press']
228,PPC-000410,"['HP Indigo 30000 Digital Press', 'HP Indigo 35K Digital Press', 'HP Indigo 30000 Series Digital Presses']"
229,PPC-000220,"['HP Indigo 10000 HD Digital Press', 'HP Indigo 30000 Digital Press', 'HP Indigo 10r Digital Press', 'HP Indigo 12000 HD Digital Press', 'HP Indigo 25K Digital Press', 'HP Indigo 12000 Digital Press', 'HP Indigo 20000 Digital Press', 'HP Indigo 10000 Digital Press', 'HP Indigo 20000 Series Digital Presses', 'HP Indigo 30000 Series Digital Presses']"
230,PPC-000210,"['HP Indigo 10000 HD Digital Press', 'HP Indigo 30000 Digital Press', 'HP Indigo 10r Digital Press', 'HP Indigo 12000 HD Digital Press', 'HP Indigo 25K Digital Press', 'HP Indigo 12000 Digital Press', 'HP Indigo 20000 Digital Press', 'HP Indigo 10000 Digital Press', 'HP Indigo 20000 Series Digital Presses', 'HP Indigo 30000 Series Digital Presses']"
231,PPC-000180,"['HP Indigo 100K Digital Press', 'HP Indigo 100k HD Digital Press']"
232,PPC-000190,"['HP Indigo 10000 HD Digital Press', 'HP Indigo 30000 Digital Press', 'HP Indigo 10r Digital Press', 'HP Indigo 12000 HD Digital Press', 'HP Indigo 25K Digital Press', 'HP Indigo 15K Digital Press', 'HP Indigo 12000 Digital Press', 'HP Indigo 20000 Digital Press', 'HP Indigo 15k HD Digital Press', 'HP Indigo 35K Digital Press', 'HP Indigo 10000 Digital Press', 'HP Indigo 20000 Series Digital Presses', 'HP Indigo 30000 Series Digital Presses']"
233,PPC-000200,"['HP Indigo 10000 HD Digital Press', 'HP Indigo 30000 Digital Press', 'HP Indigo 10r Digital Press', 'HP Indigo 12000 HD Digital Press', 'HP Indigo 12000 Digital Press', 'HP Indigo 20000 Digital Press', 'HP Indigo 10000 Digital Press', 'HP Indigo 20000 Series Digital Presses', 'HP Indigo 30000 Series Digital Presses']"
234,PPC-000340,"['HP Indigo 10000 HD Digital Press', 'HP Indigo 30000 Digital Press', 'HP Indigo 10r Digital Press', 'HP Indigo 12000 HD Digital Press', 'HP Indigo 15K Digital Press', 'HP Indigo 12000 Digital Press', 'HP Indigo 20000 Digital Press', 'HP Indigo 15k HD Digital Press', 'HP Indigo 10000 Digital Press', 'HP Indigo 20000 Series Digital Presses', 'HP Indigo 30000 Series Digital Presses']"
235,PPC-000350,"['HP Indigo 10000 HD Digital Press', 'HP Indigo 30000 Digital Press', 'HP Indigo 10r Digital Press', 'HP Indigo 12000 HD Digital Press', 'HP Indigo 12000 Digital Press', 'HP Indigo 20000 Digital Press', 'HP Indigo 10000 Digital Press', 'HP Indigo 20000 Series Digital Presses', 'HP Indigo 30000 Series Digital Presses']"
236,CA594-00410,"['HP Indigo 100K Digital Press', 'HP Indigo 100k HD Digital Press']"
237,CA494-00221,"['HP Indigo 25K Digital Press', 'HP Indigo 20000 Digital Press', 'HP Indigo 20000 Series Digital Presses']"
238,CA494-00291,"['HP Indigo 25K Digital Press', 'HP Indigo 20000 Digital Press', 'HP Indigo 20000 Series Digital Presses']"
239,CA494-09040,['HP Indigo 35K Digital Press']
240,CA494-09020,['HP Indigo 35K Digital Press']
241,CA494-09070,['HP Indigo 35K Digital Press']
242,PPC-000360,"['HP Indigo 10000 HD Digital Press', 'HP Indigo 30000 Digital Press', 'HP Indigo 12000 HD Digital Press', 'HP Indigo 25K Digital Press', 'HP Indigo 15K Digital Press', 'HP Indigo 100k HD Digital Press', 'HP Indigo 100K Digital Press', 'HP Indigo 12000 Digital Press', 'HP Indigo 20000 Digital Press', 'HP Indigo 15k HD Digital Press', 'HP Indigo 35K Digital Press', 'HP Indigo 10000 Digital Press', 'HP Indigo 20000 Series Digital Presses', 'HP Indigo 30000 Series Digital Presses']"
243,PPC-000370,"['HP Indigo 10000 HD Digital Press', 'HP Indigo 30000 Digital Press', 'HP Indigo 12000 HD Digital Press', 'HP Indigo 25K Digital Press', 'HP Indigo 15K Digital Press', 'HP Indigo 100k HD Digital Press', 'HP Indigo 100K Digital Press', 'HP Indigo 12000 Digital Press', 'HP Indigo 20000 Digital Press', 'HP Indigo 15k HD Digital Press', 'HP Indigo 35K Digital Press', 'HP Indigo 10000 Digital Press', 'HP Indigo 20000 Series Digital Presses', 'HP Indigo 30000 Series Digital Presses']"
244,PPC-000380,"['HP Indigo 30000 Digital Press', 'HP Indigo 12000 HD Digital Press', 'HP Indigo 25K Digital Press', 'HP Indigo 15K Digital Press', 'HP Indigo 100k HD Digital Press', 'HP Indigo 100K Digital Press', 'HP Indigo 12000 Digital Press', 'HP Indigo 20000 Digital Press', 'HP Indigo 15k HD Digital Press', 'HP Indigo 35K Digital Press', 'HP Indigo 20000 Series Digital Presses', 'HP Indigo 30000 Series Digital Presses']"
245,PPC-000390,"['HP Indigo 10000 HD Digital Press', 'HP Indigo 30000 Digital Press', 'HP Indigo 12000 HD Digital Press', 'HP Indigo 25K Digital Press', 'HP Indigo 15K Digital Press', 'HP Indigo 100k HD Digital Press', 'HP Indigo 100K Digital Press', 'HP Indigo 12000 Digital Press', 'HP Indigo 20000 Digital Press', 'HP Indigo 15k HD Digital Press', 'HP Indigo 35K Digital Press', 'HP Indigo 10000 Digital Press', 'HP Indigo 20000 Series Digital Presses', 'HP Indigo 30000 Series Digital Presses']"
246,PPC-000400,"['HP Indigo 10000 HD Digital Press', 'HP Indigo 30000 Digital Press', 'HP Indigo 12000 HD Digital Press', 'HP Indigo 25K Digital Press', 'HP Indigo 15K Digital Press', 'HP Indigo 100k HD Digital Press', 'HP Indigo 100K Digital Press', 'HP Indigo 12000 Digital Press', 'HP Indigo 20000 Digital Press', 'HP Indigo 15k HD Digital Press', 'HP Indigo 35K Digital Press', 'HP Indigo 10000 Digital Press', 'HP Indigo 20000 Series Digital Presses', 'HP Indigo 30000 Series Digital Presses']"
247,CA494-25070,"['HP Indigo 10000 HD Digital Press', 'HP Indigo 30000 Digital Press', 'HP Indigo 12000 HD Digital Press', 'HP Indigo 12000 Digital Press', 'HP Indigo 20000 Digital Press', 'HP Indigo 10000 Digital Press', 'HP Indigo 20000 Series Digital Presses', 'HP Indigo 30000 Series Digital Presses']"
248,CA494-25040,"['HP Indigo 10000 HD Digital Press', 'HP Indigo 30000 Digital Press', 'HP Indigo 12000 HD Digital Press', 'HP Indigo 12000 Digital Press', 'HP Indigo 20000 Digital Press', 'HP Indigo 10000 Digital Press', 'HP Indigo 20000 Series Digital Presses', 'HP Indigo 30000 Series Digital Presses']"
249,CA494-25090,"['HP Indigo 10000 HD Digital Press', 'HP Indigo 30000 Digital Press', 'HP Indigo 12000 HD Digital Press', 'HP Indigo 12000 Digital Press', 'HP Indigo 20000 Digital Press', 'HP Indigo 10000 Digital Press', 'HP Indigo 20000 Series Digital Presses', 'HP Indigo 30000 Series Digital Presses']"
250,PPC-000420,"['HP Indigo 10000 HD Digital Press', 'HP Indigo 30000 Digital Press', 'HP Indigo 10r Digital Press', 'HP Indigo 12000 HD Digital Press', 'HP Indigo 15K Digital Press', 'HP Indigo 12000 Digital Press', 'HP Indigo 15k HD Digital Press', 'HP Indigo 35K Digital Press', 'HP Indigo 10000 Digital Press', 'HP Indigo 30000 Series Digital Presses']"
251,PPC-000430,"['HP Indigo 25K Digital Press', 'HP Indigo 20000 Digital Press', 'HP Indigo 20000 Series Digital Presses']"
252,PPC-000440,"['HP Indigo 100K Digital Press', 'HP Indigo 100k HD Digital Press']"
253,CA594-00280,"['HP Indigo 100K Digital Press', 'HP Indigo 100k HD Digital Press']"
254,CA594-00260,"['HP Indigo 100K Digital Press', 'HP Indigo 100k HD Digital Press']"
255,CA594-00240,"['HP Indigo 100K Digital Press', 'HP Indigo 100k HD Digital Press']"
256,CA594-00310,"['HP Indigo 100K Digital Press', 'HP Indigo 100k HD Digital Press']"
257,CA594-00300,"['HP Indigo 100K Digital Press', 'HP Indigo 100k HD Digital Press']"
258,CA494-08880,"['HP Indigo 15K Digital Press', 'HP Indigo 15k HD Digital Press']"
259,CA494-08870,"['HP Indigo 15K Digital Press', 'HP Indigo 15k HD Digital Press']"
260,CA494-08860,"['HP Indigo 15K Digital Press', 'HP Indigo 15k HD Digital Press']"
261,CA494-08850,"['HP Indigo 15K Digital Press', 'HP Indigo 15k HD Digital Press']"
262,CA394-30930,"['HP Indigo 7K Digital Press', 'HP Indigo 7eco Digital Press']"
263,CA394-30920,"['HP Indigo 7K Digital Press', 'HP Indigo 7eco Digital Press']"
264,CA394-30910,"['HP Indigo 7K Digital Press', 'HP Indigo 7eco Digital Press']"
265,CA394-30900,"['HP Indigo 7K Digital Press', 'HP Indigo 7eco Digital Press']"
266,CA394-30890,"['HP Indigo 7K Digital Press', 'HP Indigo 7eco Digital Press']"
267,CA394-30970,"['HP Indigo 7K Digital Press', 'HP Indigo 7eco Digital Press']"
268,CA394-30960,"['HP Indigo 7K Digital Press', 'HP Indigo 7eco Digital Press']"
269,CA394-30950,"['HP Indigo 7K Digital Press', 'HP Indigo 7eco Digital Press']"
270,CA394-30940,"['HP Indigo 7K Digital Press', 'HP Indigo 7eco Digital Press']"
271,CA394-31090,"['HP Indigo 6900 Digital Press', 'HP Indigo 6800 Series Digital Presses']"
272,PPC-000480,"['HP Indigo 10000 HD Digital Press', 'HP Indigo 30000 Digital Press', 'HP Indigo 10r Digital Press', 'HP Indigo 12000 HD Digital Press', 'HP Indigo 15K Digital Press', 'HP Indigo 12000 Digital Press', 'HP Indigo 15k HD Digital Press', 'HP Indigo 10000 Digital Press', 'HP Indigo 30000 Series Digital Presses']"
273,PPC-000470,"['HP Indigo 6900 Digital Press', 'HP Indigo WS6800p Digital Press', 'HP Indigo 6K Digital Press', 'HP Indigo WS6600 Digital Press', 'HP Indigo WS6800 Digital Press']"
274,PPC-000460,"['HP Indigo 10000 HD Digital Press', 'HP Indigo 30000 Digital Press', 'HP Indigo 10r Digital Press', 'HP Indigo 12000 HD Digital Press', 'HP Indigo 15K Digital Press', 'HP Indigo 12000 Digital Press', 'HP Indigo 15k HD Digital Press', 'HP Indigo 10000 Digital Press', 'HP Indigo 30000 Series Digital Presses']"
275,TS5OM-00003,"['HP Indigo 1x000 Series Digital Presses', 'HP Indigo 25K Digital Press', 'HP Indigo 15K Digital Press', 'HP Indigo 100k HD Digital Press', 'HP Indigo 100K Digital Press', 'HP Indigo 15k HD Digital Press', 'HP Indigo 35K Digital Press']"
276,TS5OM-00004,"['HP Indigo 100K Digital Press', 'HP Indigo 100k HD Digital Press']"
277,TS3OM-00003,"['HP Indigo 8000 Digital Press', 'HP Indigo 6000 Series Digital Presses']"
278,PPC-000510,"['HP Indigo 8x00 Series Digital Presses', 'HP Indigo 7x00 Digital Press', 'HP Indigo 6x00 Series Digital Presses']"
279,TS3OM-00007,"['HP Indigo 7r Digital Press', 'HP Indigo 7800 Digital Press', 'HP Indigo 7eco Digital Press', 'HP Indigo 7900 Digital Press', 'HP Indigo 7500 Digital Press', 'HP Indigo 7K Digital Press', 'HP Indigo 7000 Digital Press', 'HP Indigo 7600 Digital Press']"
280,CN-2587,"['HP Indigo 10000 HD Digital Press', 'HP Indigo 30000 Digital Press', 'HP Indigo 6800 Series Digital Presses', 'HP Indigo 7900 Digital Press', 'HP Indigo 12000 HD Digital Press', 'HP Indigo 25K Digital Press', 'HP Indigo 15K Digital Press', 'HP Indigo 100k HD Digital Press', 'HP Indigo 8000 Digital Press', 'HP Indigo 6600 Series Digital Presses', 'HP Indigo 100K Digital Press', 'HP Indigo 12000 Digital Press', 'HP Indigo 20000 Digital Press', 'HP Indigo 15k HD Digital Press', 'HP Indigo 35K Digital Press', 'HP Indigo 10000 Digital Press', 'HP Indigo 20000 Series Digital Presses', 'HP Indigo 30000 Series Digital Presses']"
281,CN-2593,"['HP Indigo 25K Digital Press', 'HP Indigo 20000 Digital Press', 'HP Indigo 20000 Series Digital Presses']"
282,CN-2596,"['HP Indigo 15K Digital Press', 'HP Indigo 100k HD Digital Press', 'HP Indigo 100K Digital Press', 'HP Indigo 15k HD Digital Press', 'HP Indigo 35K Digital Press']"
283,CA394-28120,"['HP Indigo 8000 Digital Press', 'HP Indigo 8K Digital Press']"
284,CN-2586,"['HP Indigo 15k HD Digital Press', 'HP Indigo 100K Digital Press', 'HP Indigo 15K Digital Press', 'HP Indigo 100k HD Digital Press']"
285,CA394-11393,['HP Indigo WS6000 Digital Press']
286,CA394-11383,['HP Indigo WS6000 Digital Press']
287,CA394-11343,['HP Indigo WS6000 Digital Press']
288,CA394-11353,['HP Indigo WS6000 Digital Press']
289,CA394-11333,['HP Indigo WS6000 Digital Press']
290,CA394-11363,['HP Indigo WS6000 Digital Press']
291,CA394-11403,['HP Indigo WS6000 Digital Press']
292,CA394-11413,['HP Indigo WS6000 Digital Press']
293,CA494-22070,"['HP Indigo 10000 HD Digital Press', 'HP Indigo 30000 Digital Press', 'HP Indigo 12000 HD Digital Press', 'HP Indigo 15K Digital Press', 'HP Indigo 100k HD Digital Press', 'HP Indigo 100K Digital Press', 'HP Indigo 12000 Digital Press', 'HP Indigo 15k HD Digital Press', 'HP Indigo 10000 Digital Press', 'HP Indigo 30000 Series Digital Presses']"
294,CA494-22080,"['HP Indigo 10000 HD Digital Press', 'HP Indigo 30000 Digital Press', 'HP Indigo 12000 HD Digital Press', 'HP Indigo 15K Digital Press', 'HP Indigo 100k HD Digital Press', 'HP Indigo 100K Digital Press', 'HP Indigo 12000 Digital Press', 'HP Indigo 15k HD Digital Press', 'HP Indigo 10000 Digital Press', 'HP Indigo 30000 Series Digital Presses']"
295,CA494-22100,"['HP Indigo 10000 HD Digital Press', 'HP Indigo 30000 Digital Press', 'HP Indigo 12000 HD Digital Press', 'HP Indigo 15K Digital Press', 'HP Indigo 100k HD Digital Press', 'HP Indigo 100K Digital Press', 'HP Indigo 12000 Digital Press', 'HP Indigo 15k HD Digital Press', 'HP Indigo 10000 Digital Press', 'HP Indigo 30000 Series Digital Presses']"
296,CA494-22110,"['HP Indigo 10000 HD Digital Press', 'HP Indigo 30000 Digital Press', 'HP Indigo 12000 HD Digital Press', 'HP Indigo 15K Digital Press', 'HP Indigo 100k HD Digital Press', 'HP Indigo 100K Digital Press', 'HP Indigo 12000 Digital Press', 'HP Indigo 15k HD Digital Press', 'HP Indigo 10000 Digital Press', 'HP Indigo 30000 Series Digital Presses']"
297,CA494-22120,"['HP Indigo 10000 HD Digital Press', 'HP Indigo 30000 Digital Press', 'HP Indigo 12000 HD Digital Press', 'HP Indigo 15K Digital Press', 'HP Indigo 100k HD Digital Press', 'HP Indigo 100K Digital Press', 'HP Indigo 12000 Digital Press', 'HP Indigo 15k HD Digital Press', 'HP Indigo 10000 Digital Press', 'HP Indigo 30000 Series Digital Presses']"
298,CA494-22040,"['HP Indigo 10000 HD Digital Press', 'HP Indigo 30000 Digital Press', 'HP Indigo 12000 HD Digital Press', 'HP Indigo 15K Digital Press', 'HP Indigo 100k HD Digital Press', 'HP Indigo 100K Digital Press', 'HP Indigo 12000 Digital Press', 'HP Indigo 15k HD Digital Press', 'HP Indigo 10000 Digital Press', 'HP Indigo 30000 Series Digital Presses']"
299,CA494-22050,"['HP Indigo 10000 HD Digital Press', 'HP Indigo 30000 Digital Press', 'HP Indigo 12000 HD Digital Press', 'HP Indigo 15K Digital Press', 'HP Indigo 100k HD Digital Press', 'HP Indigo 100K Digital Press', 'HP Indigo 12000 Digital Press', 'HP Indigo 15k HD Digital Press', 'HP Indigo 10000 Digital Press', 'HP Indigo 30000 Series Digital Presses']"
300,CA494-22060,"['HP Indigo 10000 HD Digital Press', 'HP Indigo 30000 Digital Press', 'HP Indigo 12000 HD Digital Press', 'HP Indigo 15K Digital Press', 'HP Indigo 100k HD Digital Press', 'HP Indigo 100K Digital Press', 'HP Indigo 12000 Digital Press', 'HP Indigo 15k HD Digital Press', 'HP Indigo 10000 Digital Press', 'HP Indigo 30000 Series Digital Presses']"
301,TS5OM-00007,['HP Indigo 200K Digital Press']
302,CN-2657,"['HP Indigo 7r Digital Press', 'HP Indigo 6900 Digital Press', 'HP Indigo 6000 Series Digital Presses', 'HP Indigo 6r Digital Press', 'HP Indigo 6600 Series Digital Presses', 'HP Indigo 7600 Digital Press', 'HP Indigo 6P Digital Press', 'HP Indigo 7000 Digital Press', 'HP Indigo 8000 Digital Press', 'HP Indigo 6800 Series Digital Presses', 'HP Indigo 8K Digital Press', 'HP Indigo 7800 Digital Press', 'HP Indigo W7250 Digital Press', 'HP Indigo 7500 Digital Press', 'HP Indigo 7K Digital Press', 'HP Indigo 7eco Digital Press', 'HP Indigo 6K Digital Press', 'HP Indigo W7200 Digital Press', 'HP Indigo 7900 Digital Press']"
303,TS4OM-00004,"['HP Indigo 6800 Series Digital Presses', 'HP Indigo 6900 Digital Press', 'HP Indigo 6K Digital Press', 'HP Indigo 25K Digital Press', 'HP Indigo 20000 Digital Press', 'HP Indigo 35K Digital Press', 'HP Indigo 20000 Series Digital Presses']"
304,CA394-10400,"['HP Indigo 7r Digital Press', 'HP Indigo 7800 Digital Press', 'HP Indigo 7eco Digital Press', 'HP Indigo 7900 Digital Press', 'HP Indigo 7K Digital Press', 'HP Indigo 7600 Digital Press']"
305,CA394-10410,"['HP Indigo 7r Digital Press', 'HP Indigo 7800 Digital Press', 'HP Indigo 7eco Digital Press', 'HP Indigo 7900 Digital Press', 'HP Indigo 7K Digital Press', 'HP Indigo 7600 Digital Press']"
306,CA394-10420,"['HP Indigo 7r Digital Press', 'HP Indigo 7800 Digital Press', 'HP Indigo 7eco Digital Press', 'HP Indigo 7900 Digital Press', 'HP Indigo 7K Digital Press', 'HP Indigo 7600 Digital Press']"
307,CA394-10430,"['HP Indigo 7r Digital Press', 'HP Indigo 7800 Digital Press', 'HP Indigo 7eco Digital Press', 'HP Indigo 7900 Digital Press', 'HP Indigo 7K Digital Press', 'HP Indigo 7600 Digital Press']"
308,CA394-10440,"['HP Indigo 7r Digital Press', 'HP Indigo 7800 Digital Press', 'HP Indigo 7eco Digital Press', 'HP Indigo 7900 Digital Press', 'HP Indigo 7K Digital Press', 'HP Indigo 7600 Digital Press']"
309,CA394-10450,"['HP Indigo 7r Digital Press', 'HP Indigo 7800 Digital Press', 'HP Indigo 7eco Digital Press', 'HP Indigo 7900 Digital Press', 'HP Indigo 7K Digital Press', 'HP Indigo 7600 Digital Press']"
310,CA394-14650,"['HP Indigo 7r Digital Press', 'HP Indigo 7800 Digital Press', 'HP Indigo 7eco Digital Press', 'HP Indigo 7900 Digital Press', 'HP Indigo 7K Digital Press', 'HP Indigo 7600 Digital Press']"
311,CA394-17780,"['HP Indigo 7r Digital Press', 'HP Indigo 7800 Digital Press', 'HP Indigo 7eco Digital Press', 'HP Indigo 7900 Digital Press', 'HP Indigo 7K Digital Press', 'HP Indigo 7600 Digital Press']"
312,TS4OM-00009,"['HP Indigo 10000 HD Digital Press', 'HP Indigo 12000 HD Digital Press', 'HP Indigo 15K Digital Press', 'HP Indigo 12000 Digital Press', 'HP Indigo 15k HD Digital Press', 'HP Indigo 35K Digital Press', 'HP Indigo 10000 Digital Press']"
313,TS6OM-00004,"['HP Indigo 120K Digital Press', 'HP Indigo V12 Digital Press']"
314,TS6OM-00002,['HP Indigo V12 Digital Press']
315,TS5ES-00030,['HP Indigo 100K Digital Press']
316,TS3ES-00010,"['7000 ', 'HP Indigo 7600 Digital Press', 'HP Indigo 7800 Digital Press', 'HP Indigo 7r Digital Press', 'HP Indigo 7900 Digital Press', '7eco', 'HP Indigo 7K Digital Press', '6000 ', '6600 ', '6800 ', 'HP Indigo 6r Digital Press', 'HP Indigo 6K Digital Press', 'HP Indigo 6900 Digital Press', 'HP Indigo 8000 Digital Press', 'HP Indigo 8K Digital Press', 'HP Indigo W7250 Digital Press']"
317,TS4ES-00020,['HP Indigo 30000 Digital Press']
318,TN-2595,['HP Indigo 20000 Digital Press']
319,CA464-00640,['200K ']
320,CA554-01122,['200K ']
321,CN-2601,['HP Indigo 100K Digital Press']
322,TN-2594,"['HP Indigo 10000 Digital Press', '10r', 'HP Indigo 12000 Digital Press', '12000 HD', 'HP Indigo 15K Digital Press', '15K HD', 'HP Indigo 20000 Digital Press', 'HP Indigo 25K Digital Press', 'HP Indigo 30000 Digital Press', 'HP Indigo 35K Digital Press', 'HP Indigo 50000 Digital Press']"
323,TN-2603,['HP Indigo 100K Digital Press']
324,CN-2591,"['7000 ', 'HP Indigo 7500 Digital Press', 'HP Indigo 7600 Digital Press', 'HP Indigo 7800 Digital Press', 'HP Indigo 7r Digital Press', 'HP Indigo 7900 Digital Press', '7eco', 'HP Indigo 7K Digital Press']"
325,TN-2612,['HP Indigo 6K Digital Press']
326,TS3ES-00013,"['6000 ', '6600 ', '6800 ', 'HP Indigo 6900 Digital Press', 'HP Indigo 6K Digital Press']"
327,TN-2616,"['7000 ', 'HP Indigo 7600 Digital Press', 'HP Indigo 7800 Digital Press', 'HP Indigo 7r Digital Press', 'HP Indigo 7900 Digital Press', '7eco', 'HP Indigo 7K Digital Press', '6000 ', '6600 ', '6800 ', 'HP Indigo 6r Digital Press', 'HP Indigo 6K Digital Press', 'HP Indigo 6900 Digital Press', 'HP Indigo 8000 Digital Press', 'HP Indigo 8K Digital Press', 'HP Indigo W7250 Digital Press']"
328,TN-2619,['35K ']
329,TN-2623,"['2623', '7000 ', 'HP Indigo 7500 Digital Press', 'HP Indigo 7600 Digital Press', 'HP Indigo 7800 Digital Press', 'HP Indigo 7r Digital Press', 'HP Indigo 7900 Digital Press', 'HP Indigo 7K Digital Press', '6000 ', '6600 ', '6800 ', 'HP Indigo 6r Digital Press', 'HP Indigo 6K Digital Press', '7000 ', '6000 ']"
330,TN-2621,"['HP Indigo 10000 Digital Press', '10000 HD', '10r', 'HP Indigo 12000 Digital Press', '12000 HD', 'HP Indigo 15K Digital Press', '15K HD', 'HP Indigo 35K Digital Press']"
331,TN-2570,"['6800 ', 'HP Indigo 6900 Digital Press']"
332,xR-0092,['100K']
333,TN-2647,['HP Indigo V12 Digital Press']
334,TN-2640,"['HP Indigo 100K Digital Press', 'HP Indigo 100K Digital Press', '100K HD']"
335,TN-2674,"['HP Indigo 10000 Digital Press', '10000 HD', '10r', 'HP Indigo 12000 Digital Press', '12000 HD', 'HP Indigo 15K Digital Press', '15K HD', 'HP Indigo 20000 Digital Press', 'HP Indigo 25K Digital Press', 'HP Indigo 30000 Digital Press', 'HP Indigo 35K Digital Press', 'HP Indigo 50000 Digital Press', '7000 ', 'HP Indigo 7600 Digital Press', 'HP Indigo 7800 Digital Press', 'HP Indigo 7r Digital Press', 'HP Indigo 7900 Digital Press', '7eco', 'HP Indigo 7K Digital Press', '6000 ', '6600 ', '6800 ', 'HP Indigo 6r Digital Press', 'HP Indigo 6K Digital Press', 'HP Indigo 6900 Digital Press', 'HP Indigo 8000 Digital Press', 'HP Indigo 8K Digital Press', 'HP Indigo W7200 Digital Press', 'HP Indigo W7250 Digital Press', 'HP Indigo 3600 Digital Press', 'HP Indigo 5r Digital Press', 'HP Indigo 5500 Digital Press', '5500r']"
336,CN-2674,"['HP Indigo 10000 Digital Press', '10000 HD', '10r', 'HP Indigo 12000 Digital Press', '12000 HD', 'HP Indigo 15K Digital Press', '15K HD', 'HP Indigo 20000 Digital Press', 'HP Indigo 25K Digital Press', 'HP Indigo 30000 Digital Press', 'HP Indigo 35K Digital Press', 'HP Indigo 50000 Digital Press', '7000 ', 'HP Indigo 7600 Digital Press', 'HP Indigo 7800 Digital Press', 'HP Indigo 7r Digital Press', 'HP Indigo 7900 Digital Press', '7eco', 'HP Indigo 7K Digital Press', '6000 ', '6600 ', '6800 ', 'HP Indigo 6r Digital Press', 'HP Indigo 6K Digital Press', 'HP Indigo 6900 Digital Press', 'HP Indigo 8000 Digital Press', 'HP Indigo 8K Digital Press', 'HP Indigo W7200 Digital Press', 'HP Indigo W7250 Digital Press', 'HP Indigo 3600 Digital Press', 'HP Indigo 5r Digital Press', 'HP Indigo 5500 Digital Press', '5500r']"
337,TS5OM-00013,['120K ']
338,TS4OM-00015,['18K ']
339,TN-2398,"['HP Indigo 30000 Digital Press', 'HP Indigo 20000 Digital Press', 'HP Indigo 8000 Digital Press', 'HP Indigo ws6000 Digital Press', 'HP Indigo ws6600 Digital Press', 'HP Indigo ws6800 Digital Press', 'ws6900']"
340,TN-2300,"['HP Indigo WS6800 Digital Press', 'HP Indigo WS6600 Digital Press', 'WS6900', 'HP Indigo 8000 Digital Press', 'HP Indigo 20000 Digital Press', 'HP Indigo 30000 Digital Press']"
341,TN-2213,"['HP Indigo WS6800 Digital Press', 'HP Indigo WS6600 Digital Press', 'WS6900']"
342,TN-1826,"['HP Indigo 10000 Digital Press', 'HP Indigo 7800 Digital Press']"
343,TS5ES-00059,"['200K ', 'HP Indigo 100K Digital Press', 'HP Indigo 10000 Digital Press', '10000 HD', '10r', 'HP Indigo 12000 Digital Press', '12000 HD', 'HP Indigo 15K Digital Press', '15K HD', 'HP Indigo 20000 Digital Press', 'HP Indigo 25K Digital Press', 'HP Indigo 30000 Digital Press', 'HP Indigo 35K Digital Press', 'HP Indigo 50000 Digital Press', '7000 ', 'HP Indigo 7600 Digital Press', 'HP Indigo 7800 Digital Press', 'HP Indigo 7r Digital Press', 'HP Indigo 7900 Digital Press', '7eco', 'HP Indigo 7K Digital Press', '6000 ', '6600 ', '6800 ', 'HP Indigo 6r Digital Press', 'HP Indigo 6K Digital Press', 'HP Indigo 6900 Digital Press', 'HP Indigo 8000 Digital Press', 'HP Indigo 8K Digital Press', 'HP Indigo W7250 Digital Press', '3500', 'HP Indigo 3550 Digital Press', 'HP Indigo 3600 Digital Press', '5000', '5500', 'HP Indigo 5600 Digital Press', 'HP Indigo 5r Digital Press', 'HP Indigo 5900 Digital Press', 'ws4500', 'HP Indigo WS4600 Digital Press', '1050', 'ws2000']"
344,CA293-04190,['HP Indigo 5500 Digital Press']
345,CA293-07470,['HP Indigo 5600 Digital Press']
346,CA394-24410,['HP Indigo 5900 Digital Press']
347,CA393-00880,['HP Indigo WS6000 Digital Press']
348,CA393-02290,['HP Indigo WS6000 Digital Press']
349,CA393-05140,['HP Indigo WS6600 Digital Press']
350,CA494-32850,"['HP Indigo 10000 Digital Press', 'HP Indigo 12000 Digital Press', 'HP Indigo 15K Digital Press', 'HP Indigo 100K Digital Press']"
351,CA494-32870,"['HP Indigo 10000 Digital Press', 'HP Indigo 12000 Digital Press', 'HP Indigo 15K Digital Press', 'HP Indigo 100K Digital Press']"
352,CA494-32860,"['HP Indigo 10000 Digital Press', 'HP Indigo 12000 Digital Press', 'HP Indigo 15K Digital Press', 'HP Indigo 100K Digital Press']"
353,CA494-32880,"['HP Indigo 10000 Digital Press', '000 ', 'HP Indigo 15K Digital Press', 'HP Indigo 100K Digital Press']"
354,CA494-32840,"['HP Indigo 10000 Digital Press', 'HP Indigo 12000 Digital Press', 'HP Indigo 15K Digital Press', 'HP Indigo 100K Digital Press']"
355,CA494-32810,"['HP Indigo 10000 Digital Press', 'HP Indigo 12000 Digital Press', 'HP Indigo 15K Digital Press', 'HP Indigo 100K Digital Press']"
356,CA494-32830,"['HP Indigo 10000 Digital Press', 'HP Indigo 12000 Digital Press', 'HP Indigo 15K Digital Press', 'HP Indigo 100K Digital Press']"
357,CA494-32890,"['HP Indigo 10000 Digital Press', 'HP Indigo 12000 Digital Press', 'HP Indigo 15K Digital Press', 'HP Indigo 100K Digital Press']"
358,CA494-32820,"['HP Indigo 10000 Digital Press', 'HP Indigo 12000 Digital Press', 'HP Indigo 15K Digital Press', 'HP Indigo 100K Digital Press']"
359,CA394-28950,"['7000 ', 'HP Indigo 7500 Digital Press', 'HP Indigo 7600 Digital Press', 'HP Indigo 7800 Digital Press', 'HP Indigo 7900 Digital Press', 'HP Indigo 7r Digital Press', 'HP Indigo 7K Digital Press']"
360,CA394-28970,"['7000 ', 'HP Indigo 7500 Digital Press', 'HP Indigo 7600 Digital Press', 'HP Indigo 7800 Digital Press', 'HP Indigo 7900 Digital Press', 'HP Indigo 7r Digital Press', 'HP Indigo 7K Digital Press']"
361,CA394-28990,"['7000 ', 'HP Indigo 7500 Digital Press', 'HP Indigo 7600 Digital Press', 'HP Indigo 7800 Digital Press', 'HP Indigo 7900 Digital Press', 'HP Indigo 7r Digital Press', 'HP Indigo 7K Digital Press']"
362,CA394-29010,"['7000 ', 'HP Indigo 7500 Digital Press', 'HP Indigo 7600 Digital Press', 'HP Indigo 7800 Digital Press', 'HP Indigo 7900 Digital Press', 'HP Indigo 7r Digital Press', 'HP Indigo 7K Digital Press']"
363,CA394-29020,"['7000', '7500', '7600', '7800', '7900', '7r', '7K']"
364,CA394-29030,"['7000', '7500', '7600', '7800', '7900', '7r', '7K']"
365,CA394-26400,['HP Indigo 5900 Digital Press']
366,CA494-31000,"['HP Indigo 20000 Digital Press', 'HP Indigo 20000 Digital Press']"
367,CA494-30940,['HP Indigo 20000 Digital Press']
368,CA494-30980,['HP Indigo 20000 Digital Press']
369,CA494-30990,['HP Indigo 20000 Digital Press']
370,CA494-30970,['HP Indigo 20000 Digital Press']
371,CA394-05352,"['6000', '8000']"
372,CA394-05382,"['6000 ', 'HP Indigo 8000 Digital Press']"
373,CA394-05372,"['6000 ', '8000 ']"
374,CA394-05392,"['6000 ', '8000 ']"
375,CA394-14391,"['6000', '8000']"
376,CA394-05342,"['6000', '8000']"
377,CA394-05332,"['6000 ', '8000 ']"
378,CA394-14381,"['6000', '8000']"
379,CA394-29900,"['7600', '7800', '7900', '7K', '7eco']"
380,CA394-29890,"['7600', '7800', '7900', '7K', '7eco']"
381,CA394-29910,"['7600', '7800', '7900', '7K']"
382,CA394-29920,"['7600', '800', '7900', '7K', '7eco']"
383,CA394-29930,"['7600', '7800', '7900', '7K', '7eco']"
384,CA394-29940,"['7600', '7800', '7900', '7K', '7eco']"
385,CA394-29960,"['29960', '29960', '7600', '7800', '7900', '7K', '7eco']"
386,CA394-29950,"['7600', '7800', '7900', '7K', '7eco']"
387,CA394-30100,['7000 ']
388,CA394-30130,"['7000 ', '2021', '7000']"
389,CA394-30140,['7000']
390,CA394-30150,['7000']
391,CA394-30170,['7000 ']
392,CA394-29270,"['6600', '6800', '6r', '6900', '6K ']"
393,CA394-29280,"['WS6600', 'WS6800', '6r', '6900 ']"
394,CA394-29290,"['6600', '6800', '6r', '6900', '6K ']"
395,CA394-29300,"['6600', '6800', '6r', '6900', '6K']"
396,CA394-29310,"['6600', '6800', '6r', '6900', '6K ']"
397,CA394-29320,"['6600', '6800', '6r', '6900', 'HP Indigo 6K Digital Press']"
398,CA394-29330,"['WS6600', 'WS6800', '6r', '6900 ']"
399,CA394-29340,"['6600', '6800', '6r', '6900', '6K ']"
400,CA394-29350,"['WS6600', 'WS6800', '6r', '6900 ']"
401,PPC-000010,"['10000', '10r', '12000', '12000HD', '15K', '15KHD', '30000']"
402,PPC-000020,"['10000', '10r', '12000', '12000HD', '15K', '15KHD', '30000']"
403,PPC-000030,"['10000', '10r', '12000', '12000HD', '15K', '30000']"
404,PPC-000040,"['10000', '10r', '12000', '12000HD', '15K', '30000']"
405,PPC-000050,"['10000', '10R', '12000', '12000HD', '15K', '15KHD', '30000']"
406,PPC-000060,"['30000', '35K']"
407,PPC-000070,"['30000', '35K']"
408,PPC-000080,"['00008', '30000', '35K']"
409,PPC-000090,"['100K', '15K', '12000', '12000HD', '10r']"
410,PPC-000100,['100K']
411,PPC-000110,['100K']
412,PPC-000120,['100K']
413,PPC-000130,['100K']
414,PPC-000140,['100K']
415,PPC-000150,['100K']
416,PPC-000160,['100K']
417,PPC-000170,"['00017', '10000', '10r', '12K', '12000HD', '15K', '30000', '35K', '100K']"
418,PPC-000230,"['6000', '6600', '6800', '6900', '6K']"
419,PPC-000240,"['6000', '6600', '6800', '6900', '6K']"
420,PPC-000250,"['6000', '6600', '6800', '6900', '6K']"
421,PPC-000260,"['6000', '6600', '6800', '6900', '6K']"
422,PPC-000270,"['6000', '6600', '6800', '6900', '6K']"
423,PPC-000280,"['6000', '6600', '6800', '6900', '6K']"
424,PPC-000300,"['6000', '6600', '6800', '6900', '6K ']"
425,PPC-000310,"['6000', '6600', '6800', '6900', '6K ']"
426,PPC-000320,"['6000', '6600', '6800', '6900', '6K ']"
427,PPC-000330,"['6000', '6600', '6800', '6900', '6K']"
428,CA594-00150,['HP Indigo 100K Digital Press']
429,CA394-10141,['7000 ']
430,CA394-10151,['7000 ']
431,CA394-10181,['7000']
432,CA394-10171,['7000']
433,CA394-10131,['7000']
434,CA394-10111,['7000']
435,CA394-23140,['7000 ']
436,CA394-23160,['7000']
437,CA394-07623,"['7000', '6000', '8000']"
438,CA394-07593,"['7000 ', '6000 ', '8000 ']"
439,CA394-07653,"['7000 ', '6000 ', '8000 ']"
440,CA394-07633,"['7000 ', '6000 ', '8000 ']"
441,CA394-07603,"['7000', '6000', '8000']"
442,CA394-07673,"['7000', '6000', '8000']"
443,CA394-07613,"['7000', '6000', '8000']"
444,CA394-07643,"['7000 ', '6000 ', 'HP Indigo 8000 Digital Press', 'HP Indigo W7200 Digital Press']"
445,CA394-07663,"['7000', '6000', '8000']"
446,CA494-09480,"['20k', '25k']"
447,CA494-09500,"['20k', '25k']"
448,CA494-09550,"['HP Indigo 20000 Digital Press', 'HP Indigo 25K Digital Press']"
449,CA494-09470,"['20000', '25K ']"
450,CA494-21340,"['15K HD', '15K', '12000']"
451,CA494-21270,"['15K HD', 'HP Indigo 15K Digital Press', 'HP Indigo 12000 Digital Press', '21270']"
452,CA494-21330,"['12000', '15K ']"
453,CA494-21320,"['15K HD', 'HP Indigo 15K Digital Press', 'HP Indigo 12000 Digital Press']"
454,CA494-00352,"['HP Indigo 10000 Digital Press', 'HP Indigo 10000 Digital Press']"
455,CA494-00372,['10000 ']
456,CA494-00312,['HP Indigo 10000 Digital Press']
457,CA494-21290,"['15K HD', 'HP Indigo 15K Digital Press', 'HP Indigo 12000 Digital Press']"
458,CA394-27090,"['HP Indigo 6K Digital Press', 'HP Indigo 6900 Digital Press', '6800 ']"
459,CA394-27130,"['HP Indigo 6K Digital Press', 'HP Indigo 6900 Digital Press', '6800 ']"
460,CA394-27080,"['HP Indigo 6K Digital Press', 'HP Indigo 6900 Digital Press', '6800 ']"
461,CA394-27060,"['HP Indigo 6K Digital Press', 'HP Indigo 6900 Digital Press', '6800 ']"
462,CA394-27110,"['HP Indigo 6K Digital Press', 'HP Indigo 6900 Digital Press', '6800 ']"
463,CA394-27120,"['HP Indigo 6K Digital Press', 'HP Indigo 6900 Digital Press', '6800 ']"
464,CA394-27050,"['HP Indigo 6K Digital Press', 'HP Indigo 6900 Digital Press', '6800 ']"
465,CA394-28270,"['7000 ', '7000 ', 'HP Indigo 7500 Digital Press', 'HP Indigo 7600 Digital Press', 'HP Indigo 7800 Digital Press', 'HP Indigo 7900 Digital Press', 'HP Indigo 7r Digital Press', 'HP Indigo 7K Digital Press', '7eco']"
466,CA394-28280,"['7000 ', 'HP Indigo 7500 Digital Press', 'HP Indigo 7600 Digital Press', 'HP Indigo 7800 Digital Press', 'HP Indigo 7900 Digital Press', 'HP Indigo 7r Digital Press', 'HP Indigo 7K Digital Press', '7eco']"
467,CA394-28290,"['7000 ', 'HP Indigo 7500 Digital Press', 'HP Indigo 7600 Digital Press', 'HP Indigo 7800 Digital Press', 'HP Indigo 7900 Digital Press', 'HP Indigo 7r Digital Press', 'HP Indigo 7K Digital Press', '7eco']"
468,CA394-28300,"['7000 ', 'HP Indigo 7500 Digital Press', 'HP Indigo 7600 Digital Press', 'HP Indigo 7800 Digital Press', 'HP Indigo 7900 Digital Press', 'HP Indigo 7r Digital Press', 'HP Indigo 7K Digital Press', '7eco']"
469,CA394-28350,"['7000 ', 'HP Indigo 7500 Digital Press', 'HP Indigo 7600 Digital Press', 'HP Indigo 7800 Digital Press', 'HP Indigo 7900 Digital Press', 'HP Indigo 7r Digital Press', 'HP Indigo 7K Digital Press', '7eco']"
470,CA394-28310,"['7000 ', 'HP Indigo 7500 Digital Press', 'HP Indigo 7600 Digital Press', 'HP Indigo 7800 Digital Press', 'HP Indigo 7900 Digital Press', 'HP Indigo 7r Digital Press', 'HP Indigo 7K Digital Press', '7eco']"
471,CA394-28320,"['7000 ', 'HP Indigo 7500 Digital Press', 'HP Indigo 7600 Digital Press', 'HP Indigo 7800 Digital Press', 'HP Indigo 7900 Digital Press', 'HP Indigo 7r Digital Press', 'HP Indigo 7K Digital Press', '7eco']"
472,CA394-28330,"['7000 ', '7000 ', 'HP Indigo 7500 Digital Press', 'HP Indigo 7600 Digital Press', 'HP Indigo 7800 Digital Press', 'HP Indigo 7900 Digital Press', 'HP Indigo 7r Digital Press', 'HP Indigo 7K Digital Press', '7eco']"
473,CA394-28340,"['7000 ', '7000 ', 'HP Indigo 7500 Digital Press', 'HP Indigo 7600 Digital Press', 'HP Indigo 7800 Digital Press', 'HP Indigo 7900 Digital Press', 'HP Indigo 7r Digital Press', 'HP Indigo 7K Digital Press', '7eco']"
474,CA494-24810,"['10000', '100K']"
475,CA494-24760,"['10000', '100K ']"
476,CA494-24770,"['10000 ', '100K ']"
477,CA494-24800,"['10000', 'HP Indigo 100K Digital Press']"
478,CA494-24730,"['10000 ', 'HP Indigo 100K Digital Press', '10000 ', 'HP Indigo 100K Digital Press']"
479,CA494-24790,"['10000 ', 'HP Indigo 100K Digital Press']"
480,CA494-24780,"['HP Indigo 10000 Digital Press', 'HP Indigo 100K Digital Press']"
481,CA394-28750,"['8000', '7000', '6000', '5900']"
482,CA394-28710,"['8000', '7000', '6000']"
483,CA394-28620,"['8000', '7000', '6000', '5900']"
484,CA394-28630,"['HP Indigo 8000 Digital Press', 'HP Indigo W7200 Digital Press', '7000 ', '6000 ', 'HP Indigo 5900 Digital Press']"
485,CA394-28660,"['8000', '7000', '6000', 'HP Indigo 5900 Digital Press']"
486,CA394-28640,"['8000', '7000', '6000', '5900']"
487,CA394-28700,"['8000', '7000', '6000', '5900']"
488,CA394-28690,"['8000 ', '7000 ', '6000 ', '5900 ']"
489,CA394-28670,"['8000', '7000', '6000', 'HP Indigo 5900 Digital Press']"
490,CA394-28680,"['HP Indigo 8000 Digital Press', 'HP Indigo W7200 Digital Press', '7000 ', '6000 ', 'HP Indigo 5900 Digital Press']"
491,CA394-28730,"['8000', '7000', '6000', 'HP Indigo 5900 Digital Press']"
492,CA394-28650,"['HP Indigo 8000 Digital Press', 'HP Indigo W7200 Digital Press', '7000 ', '6000 ', 'HP Indigo 5900 Digital Press']"
493,CA394-28810,"['8000', '7000', '6000', 'HP Indigo 5900 Digital Press']"
494,CA394-28610,"['8000 ', '7000 ', '6000 ', '5900 ']"
495,CA394-28780,"['8000', '7000', '6000', 'HP Indigo 5900 Digital Press']"
496,CA394-25910,"['HP Indigo 7500 Digital Press', 'HP Indigo 7600 Digital Press', 'HP Indigo 7800 Digital Press', 'HP Indigo 7900 Digital Press', 'HP Indigo 7K Digital Press', '2024']"
497,CA394-25930,"['HP Indigo 7500 Digital Press', 'HP Indigo 7600 Digital Press', 'HP Indigo 7800 Digital Press', 'HP Indigo 7900 Digital Press', 'HP Indigo 7K Digital Press']"
498,CA394-25900,"['HP Indigo 7500 Digital Press', 'HP Indigo 7600 Digital Press', 'HP Indigo 7800 Digital Press', 'HP Indigo 7900 Digital Press', 'HP Indigo 7K Digital Press', '2024']"
499,CA394-25980,"['HP Indigo 7500 Digital Press', 'HP Indigo 7600 Digital Press', 'HP Indigo 7800 Digital Press', 'HP Indigo 7900 Digital Press', 'HP Indigo 7K Digital Press', '2024']"
500,CA394-25920,"['7500 ', '7600 ', '7800 ', '7900 ', '7K ']"
501,CA394-25960,"['HP Indigo 7500 Digital Press', 'HP Indigo 7600 Digital Press', 'HP Indigo 7800 Digital Press', 'HP Indigo 7900 Digital Press', 'HP Indigo 7K Digital Press']"
502,CA394-25970,['7000']
503,CA394-25940,"['HP Indigo 7500 Digital Press', 'HP Indigo 7600 Digital Press', 'HP Indigo 7800 Digital Press', 'HP Indigo 7900 Digital Press', 'HP Indigo 7K Digital Press']"
504,CA394-25950,"['HP Indigo 7500 Digital Press', 'HP Indigo 7600 Digital Press', 'HP Indigo 7800 Digital Press', 'HP Indigo 7900 Digital Press', 'HP Indigo 7K Digital Press']"
505,CA394-28410,"['6600 ', '6800 ', 'HP Indigo 6900 Digital Press']"
506,CA394-28420,"['6600 ', '6800 ', 'HP Indigo 6900 Digital Press']"
507,CA394-28390,"['6600 ', '6800 ', 'HP Indigo 6900 Digital Press']"
508,CA394-28430,"['6600 ', '6800 ', 'HP Indigo 6900 Digital Press']"
509,CA394-28460,"['6600 ', '6800 ', 'HP Indigo 6900 Digital Press']"
510,CA394-28470,"['6600 ', '6800 ', 'HP Indigo 6900 Digital Press']"
511,CA394-28450,"['6600 ', '6800 ', 'HP Indigo 6900 Digital Press']"
512,CA394-28440,"['6600 ', '6800 ', 'HP Indigo 6900 Digital Press']"
513,CA394-28400,"['6600 ', '6800 ', 'HP Indigo 6900 Digital Press']"
514,CA394-23230,"['6000', '7000']"
515,CA394-23210,"['6000 ', '7000 ']"
516,CA394-23240,['7000']
517,CA394-23290,"['6000', '7000']"
518,CA394-23260,"['6000 ', '7000 ']"
519,CA394-23270,"['6000 ', '7000 ']"
520,CA394-23280,"['6000', '7000']"
521,CA394-23250,['7000']
522,CA394-23220,"['6000 ', '6000', '7000']"
523,CA394-25090,['8K']
524,CA394-25050,['8K']
525,CA394-25060,['8K']
526,CA394-25080,"['HP Indigo 8K Digital Press', 'HP Indigo 8000 Digital Press', '25080', 'HP Indigo 8K Digital Press', 'HP Indigo 8000 Digital Press']"
527,CA394-25030,['8000 ']
528,CA394-27100,"['HP Indigo 6K Digital Press', 'HP Indigo 6900 Digital Press', '6800 ']"
529,CA394-27070,"['HP Indigo 6K Digital Press', 'HP Indigo 6900 Digital Press', '6800 ']"
530,CA394-24610,['8K']
531,CA394-28930,['WS6000']
532,CA394-28860,"['6000 ', '6600 ', '6800 ', 'HP Indigo 6900 Digital Press', 'HP Indigo 6r Digital Press', 'HP Indigo 6K Digital Press']"
533,CA394-28890,[]
534,CA394-28870,"['6000 ', '6600 ', '6800 ', 'HP Indigo 6900 Digital Press', 'HP Indigo 6r Digital Press', 'HP Indigo 6K Digital Press']"
535,CA394-28900,"['7000 ', 'HP Indigo 7500 Digital Press', 'HP Indigo 7600 Digital Press', 'HP Indigo 7800 Digital Press', 'HP Indigo 7900 Digital Press', 'HP Indigo 7r Digital Press', 'HP Indigo 7K Digital Press']"
536,CA394-28130,"['HP Indigo 8000 Digital Press', '8K']"
537,CA394-28230,"['HP Indigo 8000 Digital Press', 'HP Indigo 8K Digital Press', 'HP Indigo 8000 Digital Press', 'HP Indigo 8K Digital Press', 'HP Indigo 8000 Digital Press', 'HP Indigo 8K Digital Press']"
538,CA394-28200,"['HP Indigo 8000 Digital Press', 'HP Indigo 8K Digital Press']"
539,CA494-19980,[]
540,CA394-23120,['7000']
541,CA394-23150,['7000 ']
542,PPC-000410,"['30000', '35K']"
543,PPC-000220,"['10000', '10r', '12000', '12000HD', '20000', '25K', '30000']"
544,PPC-000210,"['10000', '10r', '12000', '12000HD', '20000', '25K', '30000']"
545,PPC-000180,['100K ']
546,PPC-000190,"['10000', '10r', '12000', '12000HD', '20000', '30000', '15K', '25K', '35K']"
547,PPC-000200,"['10000', '10r', '12000', '12000HD', '20000', '30000']"
548,PPC-000340,"['10000', '10r', '12000', '12000HD', '20000', '30000', '15K']"
549,PPC-000350,"['10000', '10r', '12000', '12000HD', '20000', '30000']"
550,CA594-00410,['HP Indigo 100K Digital Press']
551,CA494-00221,"['HP Indigo 20000 Digital Press', 'HP Indigo 25K Digital Press']"
552,CA494-00291,"['20k', '25k']"
553,CA494-09040,['HP Indigo 35K Digital Press']
554,CA494-09020,['HP Indigo 35K Digital Press']
555,CA494-09070,['HP Indigo 35K Digital Press']
556,PPC-000360,"['10000', '12000', '20000', '30000', '15K', '25K', '35K', '100K']"
557,PPC-000370,"['000 ', '10000', '12000', '15K', '20000', '25K', '30000', '35K', '100K']"
558,PPC-000380,"['12000', '20000', '30000', '15K', '25K', '35K', '100K']"
559,PPC-000390,"['10000', '12000', '20000', '30000', '15K', '25K', '35K', '100K']"
560,PPC-000400,"['10000', '12000', '15K', '20000', '25K', '30000', '35K', '100K']"
561,CA494-25070,"['10000', '12000', '20000', '30000', '50000 ']"
562,CA494-25040,"['10000', '12000', '20000', '30000', '50000 ']"
563,CA494-25090,"['10000', '12000', '20000', '30000', '50000 ']"
564,PPC-000420,"['10000', '10r', '12000', '12000HD', '15K', '30000', '35K']"
565,PPC-000430,"['20000', '25K', '50000']"
566,PPC-000440,['100K']
567,CA594-00280,['HP Indigo 100K Digital Press']
568,CA594-00260,['HP Indigo 100K Digital Press']
569,CA594-00240,['HP Indigo 100K Digital Press']
570,CA594-00310,['HP Indigo 100K Digital Press']
571,CA594-00300,['HP Indigo 100K Digital Press']
572,CA494-08880,"['HP Indigo 15K Digital Press', '15K HD', 'HP Indigo 15K Digital Press', '15K HD', 'HP Indigo 15K Digital Press', '15K HD', 'HP Indigo 15K Digital Press', '15K HD', '15K ', 'HP Indigo 15K Digital Press', '15K HD']"
573,CA494-08870,['HP Indigo 15K Digital Press']
574,CA494-08860,['HP Indigo 15K Digital Press']
575,CA494-08850,"['HP Indigo 15K Digital Press', '15K HD']"
576,CA394-30930,"['7K ', '7eco', '7K ', '7eco']"
577,CA394-30920,"['7K ', '7eco']"
578,CA394-30910,"['7K ', '7eco']"
579,CA394-30900,"['7K ', '7eco']"
580,CA394-30890,"['7K ', '7eco']"
581,CA394-30970,"['7K ', '7eco', '7K ', '7eco']"
582,CA394-30960,"['7K ', '7eco']"
583,CA394-30950,"['7K ', '7eco']"
584,CA394-30940,"['7K ', '7eco']"
585,CA394-31090,"['6900', '6800 ']"
586,PPC-000480,"['10000', '12000', '12000HD', '15K', '30000', '10r']"
587,PPC-000470,"['0004 ', 'WS6800', 'WS6600', '6K', '6900 ']"
588,PPC-000460,"['10000', '12000', '12000HD', '15K', '30000', '10r']"
589,TS5OM-00003,"['25K', '35K ']"
590,TS5OM-00004,['HP Indigo 100K Digital Press']
591,TS3OM-00003,"['6K', '8K']"
592,PPC-000510,"['6X00', '7X00', '8X00']"
593,TS3OM-00007,"['7000', '7000 ', 'HP Indigo 7500 Digital Press', 'HP Indigo 7600 Digital Press', 'HP Indigo 7800 Digital Press', 'HP Indigo 7900 Digital Press', 'HP Indigo 7r Digital Press', 'HP Indigo 7K Digital Press', '7eco']"
594,CN-2587,"['HP Indigo 10000 Digital Press', 'HP Indigo 12000 Digital Press', 'HP Indigo 15K Digital Press', 'HP Indigo 15K Digital Press', 'HP Indigo 20000 Digital Press', 'HP Indigo 25K Digital Press', 'HP Indigo 30000 Digital Press', 'HP Indigo 35K Digital Press', 'HP Indigo 50000 Digital Press', 'HP Indigo 100K Digital Press', 'HP Indigo 8000 Digital Press', 'HP Indigo 7900 Digital Press', '6800 ', '6600 ']"
595,CN-2593,"['HP Indigo 20000 Digital Press', 'HP Indigo 25K Digital Press']"
596,CN-2596,"['HP Indigo 100K Digital Press', 'HP Indigo 15K Digital Press', '15K HD', 'HP Indigo 35K Digital Press']"
597,CA394-28120,"['HP Indigo 8000 Digital Press', 'HP Indigo 8K Digital Press']"
598,CN-2586,"['HP Indigo 100K Digital Press', 'HP Indigo 15K Digital Press', '15K HD']"
599,CA394-11393,['WS6000']
600,CA394-11383,"['HP Indigo WS6000 Digital Press', 'HP Indigo WS6000 Digital Press']"
601,CA394-11343,['WS6000']
602,CA394-11353,['WS6000']
603,CA394-11333,['WS6000']
604,CA394-11363,['WS6000']
605,CA394-11403,['WS6000']
606,CA394-11413,['WS6000']
607,CA494-22070,"['HP Indigo10000 Digita lPress', 'HPIndigo12000/12000 HD Digital Press', 'HP Indigo 15K/15K HD Digital Press', 'HP Indigo 30000 Digital Press', 'HP Indigo 100K Digital Press']"
608,CA494-22080,['12000 ']
609,CA494-22100,"['HPIndigo10000 Digital Press', 'HPIndigo12000/12000HD Digital Press', 'HPIndigo15K/15KHD Digital Press', 'HPIndigo30000 Digital Press', 'HPIndigo100K Digital Press']"
610,CA494-22110,"['HP Indigo 10000 Digital Press', '12000', '12000 HD', '15K', '15K HD', 'HP Indigo 30000 Digital Press', 'HP Indigo 100K Digital Press']"
611,CA494-22120,"['2023', '10000', '12000', '12000 HD', '15K', '15K HD', 'HP Indigo 30000 Digital Press', '100K']"
612,CA494-22040,"['HP Indigo 10000 Digital Press', '12000', '12000 HD', '15K', '15K HD', 'HP Indigo 30000 Digital Press', 'HP Indigo 100K Digital Press']"
613,CA494-22050,"['HP Indigo 10000 Digital Press', '12000', '12000 HD', '15K', '15K HD', 'HP Indigo 30000 Digital Press', 'HP Indigo 100K Digital Press']"
614,CA494-22060,"['10000 ', '12000', '12000 ', '15K', '15K ', '30000 ', '100K ']"
615,TS5OM-00007,['200K ']
616,CN-2657,"['7000 ', 'HP Indigo 7500 Digital Press', 'HP Indigo 7600 Digital Press', 'HP Indigo 7800 Digital Press', 'HP Indigo 7900 Digital Press', 'HP Indigo 7r Digital Press', '7eco', 'HP Indigo 7K Digital Press', '6000 ', '6600 ', '6800 ', 'HP Indigo 6900 Digital Press', 'HP Indigo 6r Digital Press', 'HP Indigo 6K Digital Press', 'HP Indigo 8000 Digital Press', 'HP Indigo 8K Digital Press', 'HP Indigo W7200 Digital Press', 'HP Indigo W7250 Digital Press']"
617,TS4OM-00004,"['6800', '6900 ', 'HP Indigo 20000 Digital Press', 'HP Indigo 25K Digital Press', 'HP Indigo 35K Digital Press', 'HP Indigo 6K Digital Press']"
618,CA394-10400,"['7600', '7800', '7900', '7r', '7K', '7eco', 'HP Indigo 7600 Digital Press', 'HP Indigo 7800 Digital Press', 'HP Indigo 7900 Digital Press', 'HP Indigo 7r Digital Press', 'HP Indigo 7K Digital Press', '7eco']"
619,CA394-10410,"['7600', '7800', '7900', '7r', '7K', '7eco']"
620,CA394-10420,"['7600', '7800', '7900', '7r', '7K', '7eco']"
621,CA394-10430,"['7600', '7800', '7900', '7r', '7K', '7eco']"
622,CA394-10440,"['7600', '7800', '7900', '7r', '7K', '7eco']"
623,CA394-10450,"['7600', '7800', '7900', '7r', '7K', '7eco']"
624,CA394-14650,"['7600', '7800', '7900', '7r', '7K', '7eco']"
625,CA394-17780,"['7600', '7800', '7900', '7r', '7K', '7eco']"
626,TS4OM-00009,"['HP Indigo 10000 Digital Press', 'HP Indigo 15K Digital Press', 'HP Indigo 12000 Digital Press', 'HP Indigo 35K Digital Press']"
627,TS6OM-00004,"['HP Indigo V12 Digital Press', '240K', '120oK']"
628,TS6OM-00002,['HP Indigo V12 Digital Press']
