id,name
90545,HP Indigo 1000 Digital Press series
90547,HP Indigo 1000 Digital Press series
90549,HP Indigo 1000 Digital Press series
3544544,HP Indigo 1000 Digital Press series
3544546,HP Indigo 1000 Digital Press series
2101097052,HP Indigo 1000 Digital Press series
5251493,HP Indigo 10000 Digital Press
5251494,HP Indigo 10000 Digital Press
2100719849,HP Indigo 10000 Digital Press
2100537754,HP Indigo 10000 Digital Press
2100126517,HP Indigo 10000 Digital Press
2100126528,HP Indigo 10000 Digital Press
5251495,HP Indigo 10000 Digital Press
5251497,HP Indigo 10000 Digital Press
2100126518,HP Indigo 10000 Digital Press
2100126529,HP Indigo 10000 Digital Press
34688149,HP Indigo 100K Digital Press
34688150,HP Indigo 100K Digital Press
34688151,HP Indigo 100K Digital Press
34688154,HP Indigo 100K Digital Press
35878165,HP Indigo 100K Digital Press
10799634,HP Indigo 12000 Digital Press
10799635,HP Indigo 12000 Digital Press
2100719850,HP Indigo 12000 Digital Press
2100537735,HP Indigo 12000 Digital Press
10799636,HP Indigo 12000 Digital Press
10902891,HP Indigo 12000 Digital Press
2100537734,HP Indigo 12000 Digital Press
20945895,HP Indigo 12000HD Digital Press
20945896,HP Indigo 12000HD Digital Press
20945899,HP Indigo 12000HD Digital Press
34688174,HP Indigo 15K Digital Press
34688218,HP Indigo 15K Digital Press
34688219,HP Indigo 15K Digital Press
34688222,HP Indigo 15K Digital Press
35865637,HP Indigo 15K Digital Press
35865638,HP Indigo 15K Digital Press
35900353,HP Indigo 15K Digital Press
35865640,HP Indigo 15K Digital Press
3648450,HP Indigo s2000 Digital Press
90556,HP Indigo s2000 Digital Press
90558,HP Indigo s2000 Digital Press
90548,HP Indigo s2000 Digital Press
90560,HP Indigo s2000 Digital Press
90559,HP Indigo s2000 Digital Press
3648449,HP Indigo ws2000 Digital Press
90562,HP Indigo ws2000 Digital Press
90564,HP Indigo ws2000 Digital Press
90563,HP Indigo ws2000 Digital Press
5251498,HP Indigo 20000 Digital Press
5251499,HP Indigo 20000 Digital Press
2100126520,HP Indigo 20000 Digital Press
2100126531,HP Indigo 20000 Digital Press
2100126519,HP Indigo 20000 Digital Press
2100126530,HP Indigo 20000 Digital Press
5251500,HP Indigo 20000 Digital Press
5251502,HP Indigo 20000 Digital Press
37933302,HP Indigo 25K Digital Press
37933303,HP Indigo 25K Digital Press
34688163,HP Indigo 25K Digital Press
34688166,HP Indigo 25K Digital Press
90565,HP Indigo 3000 Digital Press Series
3640220,HP Indigo 3000 Digital Press Series
2100126557,HP Indigo 3000 Digital Press Series
2100126572,HP Indigo 3000 Digital Press Series
2100126556,HP Indigo 3000 Digital Press Series
2100126571,HP Indigo 3000 Digital Press Series
90568,HP Indigo 3000 Digital Press Series
90570,HP Indigo 3000 Digital Press Series
90569,HP Indigo 3000 Digital Press Series
439129,HP Indigo 3000 Digital Press Series
439130,HP Indigo 3000 Digital Press Series
3382251,HP Indigo 3500 Digital Press
3382252,HP Indigo 3500 Digital Press
3382253,HP Indigo 3500 Digital Press
2101097056,HP Indigo 3500 Digital Press
90566,HP Indigo w3200 Digital Press Series
90573,HP Indigo w3200 Digital Press Series
3218087,HP Indigo w3200 Digital Press Series
90575,HP Indigo w3200 Digital Press Series
3223340,HP Indigo w3200 Digital Press Series
3659874,HP Indigo w3250 Digital Press
3244122,HP Indigo w3250 Digital Press
2100126505,HP Indigo w3250 Digital Press
90574,HP Indigo w3250 Digital Press
5251504,HP Indigo 30000 Digital Press
5251518,HP Indigo 30000 Digital Press
2100126521,HP Indigo 30000 Digital Press
2100126532,HP Indigo 30000 Digital Press
5251533,HP Indigo 30000 Digital Press
5251558,HP Indigo 30000 Digital Press
4214301,HP Indigo 3550 Digital Press
4214302,HP Indigo 3550 Digital Press
2100126512,HP Indigo 3550 Digital Press
2100126524,HP Indigo 3550 Digital Press
4214310,HP Indigo 3550 Digital Press
4214316,HP Indigo 3550 Digital Press
37933299,HP Indigo 35K Digital Press
34688157,HP Indigo 35K Digital Press
34688158,HP Indigo 35K Digital Press
34702965,HP Indigo 35K Digital Press
35865641,HP Indigo 35K Digital Press
8954213,HP Indigo 3600 Digital Press
8954214,HP Indigo 3600 Digital Press
8954215,HP Indigo 3600 Digital Press
8693693,HP Indigo 3600 Digital Press
3648452,HP Indigo ws4000 Digital Press Series
3648451,HP Indigo ws4000 Digital Press Series
90705,HP Indigo ws4000 Digital Press Series
90707,HP Indigo ws4000 Digital Press Series
90706,HP Indigo ws4000 Digital Press Series
438409,HP Indigo ws4000 Digital Press Series
7826422,HP Indigo ws4000 Digital Press Series
7826423,HP Indigo ws4000 Digital Press Series
438413,HP Indigo ws4000 Digital Press Series
7826424,HP Indigo ws4000 Digital Press Series
7826426,HP Indigo ws4000 Digital Press Series
7826427,HP Indigo ws4000 Digital Press Series
7826429,HP Indigo ws4000 Digital Press Series
3252083,HP Indigo ws4500 Digital Press
3252084,HP Indigo ws4500 Digital Press
3252085,HP Indigo ws4500 Digital Press
2100126507,HP Indigo ws4500 Digital Press
2101097041,HP Indigo ws4500 Digital Press
3648459,HP Indigo 5000 Digital Press series
383572,HP Indigo 5000 Digital Press series
2100126558,HP Indigo 5000 Digital Press series
2100126573,HP Indigo 5000 Digital Press series
5338467,HP Indigo 5000 Digital Press series
5338468,HP Indigo 5000 Digital Press series
383574,HP Indigo 5000 Digital Press series
5350520,HP Indigo 5000 Digital Press series
383575,HP Indigo 5000 Digital Press series
3382246,HP Indigo 5500 Digital Press
3382247,HP Indigo 5500 Digital Press
3382249,HP Indigo 5500 Digital Press
2101097028,HP Indigo 5500 Digital Press
10902899,HP Indigo 50000 Digital Press
10902900,HP Indigo 50000 Digital Press
10902901,HP Indigo 50000 Digital Press
10902904,HP Indigo 50000 Digital Press
5226271,HP Indigo 5600 Digital Press
5226272,HP Indigo 5600 Digital Press
5226273,HP Indigo 5600 Digital Press
5226275,HP Indigo 5600 Digital Press
2100126513,HP Indigo 5600 Digital Press
10799727,HP Indigo 5900 Digital Press
10799728,HP Indigo 5900 Digital Press
10799729,HP Indigo 5900 Digital Press
10799732,HP Indigo 5900 Digital Press
10902893,HP Indigo 5r Digital Press
10902894,HP Indigo 5r Digital Press
10902895,HP Indigo 5r Digital Press
10902898,HP Indigo 5r Digital Press
18021216,HP Indigo 6900 Digital Press
18021217,HP Indigo 6900 Digital Press
2100719846,HP Indigo 6900 Digital Press
2100537703,HP Indigo 6900 Digital Press
18021218,HP Indigo 6900 Digital Press
18021221,HP Indigo 6900 Digital Press
37933300,HP Indigo 6K Digital Press
37933301,HP Indigo 6K Digital Press
34766689,HP Indigo 6K Digital Press
34766692,HP Indigo 6K Digital Press
2101341287,HP Indigo 6K Secure Digital Press series
2101341290,HP Indigo 6K Secure Digital Press series
2101341301,HP Indigo 6K Secure Digital Press series
2101341317,HP Indigo 6K Secure Digital Press series
10902906,HP Indigo 6r Digital Press
10902907,HP Indigo 6r Digital Press
10902908,HP Indigo 6r Digital Press
10902910,HP Indigo 6r Digital Press
3722855,HP Indigo 7000 Digital Press series
3722856,HP Indigo 7000 Digital Press series
2100126514,HP Indigo 7000 Digital Press series
2100126525,HP Indigo 7000 Digital Press series
3722857,HP Indigo 7000 Digital Press series
3722859,HP Indigo 7000 Digital Press series
2101097032,HP Indigo 7000 Digital Press series
5350521,HP Indigo 7000 Digital Press series
4169552,HP Indigo 7500 Digital Press
4169553,HP Indigo 7500 Digital Press
4169661,HP Indigo 7500 Digital Press
4169663,HP Indigo 7500 Digital Press
5350522,HP Indigo 7500 Digital Press
5226276,HP Indigo 7600 Digital Press
5226277,HP Indigo 7600 Digital Press
2100126515,HP Indigo 7600 Digital Press
2100126526,HP Indigo 7600 Digital Press
5226278,HP Indigo 7600 Digital Press
5226280,HP Indigo 7600 Digital Press
7186479,HP Indigo 7800 Digital Press
7186480,HP Indigo 7800 Digital Press
2100719847,HP Indigo 7800 Digital Press
2100537675,HP Indigo 7800 Digital Press
7186482,HP Indigo 7800 Digital Press
7186484,HP Indigo 7800 Digital Press
2100537674,HP Indigo 7800 Digital Press
10799721,HP Indigo 7900 Digital Press
10799722,HP Indigo 7900 Digital Press
2100719848,HP Indigo 7900 Digital Press
2100537696,HP Indigo 7900 Digital Press
10799723,HP Indigo 7900 Digital Press
10799726,HP Indigo 7900 Digital Press
37933149,HP Indigo 7K Digital Press
37933150,HP Indigo 7K Digital Press
34702961,HP Indigo 7K Digital Press
34702964,HP Indigo 7K Digital Press
11503597,HP Indigo 7r Digital Press
11503704,HP Indigo 7r Digital Press
11503705,HP Indigo 7r Digital Press
11534765,HP Indigo 7r Digital Press
10799628,HP Indigo 8000 Digital Press
10799629,HP Indigo 8000 Digital Press
10799630,HP Indigo 8000 Digital Press
10799633,HP Indigo 8000 Digital Press
37910237,HP Indigo 8K Digital Press
37910238,HP Indigo 8K Digital Press
37921124,HP Indigo 8K Digital Press
37921126,HP Indigo 8K Digital Press
20540618,HP Indigo GEM Digital Press series
20540619,HP Indigo GEM Digital Press series
20540620,HP Indigo GEM Digital Press series
20540624,HP Indigo GEM Digital Press series
33990674,HP Indigo Kedem Digital Press series
33990675,HP Indigo Kedem Digital Press series
33990677,HP Indigo Kedem Digital Press series
33990680,HP Indigo Kedem Digital Press series
2101480396,HP Indigo V12 Digital Press
2101480397,HP Indigo V12 Digital Press
2101480398,HP Indigo V12 Digital Press
2101480399,HP Indigo V12 Digital Press
3919426,HP Indigo W7200 Digital Press
3919427,HP Indigo W7200 Digital Press
3919429,HP Indigo W7200 Digital Press
3919431,HP Indigo W7200 Digital Press
2100537651,HP Indigo W7200 Digital Press
5251478,HP Indigo W7250 Digital Press
5251479,HP Indigo W7250 Digital Press
2100126516,HP Indigo W7250 Digital Press
2100126527,HP Indigo W7250 Digital Press
5251480,HP Indigo W7250 Digital Press
5251482,HP Indigo W7250 Digital Press
2100537669,HP Indigo W7250 Digital Press
5173002,HP Indigo WS4600 Digital Press
5173003,HP Indigo WS4600 Digital Press
5173004,HP Indigo WS4600 Digital Press
5173006,HP Indigo WS4600 Digital Press
3827316,HP Indigo WS6000 Digital Press
3827317,HP Indigo WS6000 Digital Press
3827321,HP Indigo WS6000 Digital Press
3827324,HP Indigo WS6000 Digital Press
2100537647,HP Indigo WS6000 Digital Press
5172997,HP Indigo WS6600 Digital Press
5172998,HP Indigo WS6600 Digital Press
5172999,HP Indigo WS6600 Digital Press
5173001,HP Indigo WS6600 Digital Press
5251488,HP Indigo WS6600p Digital Press
5251489,HP Indigo WS6600p Digital Press
5251490,HP Indigo WS6600p Digital Press
5251492,HP Indigo WS6600p Digital Press
7186486,HP Indigo WS6800 Digital Press
7186487,HP Indigo WS6800 Digital Press
2100719845,HP Indigo WS6800 Digital Press
2100537679,HP Indigo WS6800 Digital Press
7186488,HP Indigo WS6800 Digital Press
7186490,HP Indigo WS6800 Digital Press
10799733,HP Indigo WS6800p Digital Press
10799734,HP Indigo WS6800p Digital Press
10799624,HP Indigo WS6800p Digital Press
10799627,HP Indigo WS6800p Digital Press
3648465,Indigo Digital Press E-Print Systems
90624,Indigo Digital Press E-Print Systems
31592,Indigo Digital Press E-Print Systems
31594,Indigo Digital Press E-Print Systems
90647,Indigo Digital Press E-Print Systems
90648,Indigo Digital Press E-Print Systems
90656,Indigo Digital Press E-Print Systems
90657,Indigo Digital Press E-Print Systems
212612,Indigo Digital Press E-Print Systems
212613,Indigo Digital Press E-Print Systems
212614,Indigo Digital Press E-Print Systems
212615,Indigo Digital Press E-Print Systems
90632,Indigo Digital Press E-Print Systems
90633,Indigo Digital Press E-Print Systems
3648466,Indigo Digital Press Omnius Systems
90680,Indigo Digital Press Omnius Systems
90694,Indigo Digital Press Omnius Systems
90695,Indigo Digital Press Omnius Systems
90682,Indigo Digital Press Omnius Systems
90683,Indigo Digital Press Omnius Systems
3648464,Indigo Digital Press Ultrastream Systems
90616,Indigo Digital Press Ultrastream Systems
91064,Indigo Digital Press Ultrastream Systems
90571,Indigo Digital Press Ultrastream Systems
2101057694,HP PageWide Advantage 2200 Series
2101057742,HP PageWide Advantage 2200 Series
2101057743,HP PageWide Advantage 2200 Series
2101057744,HP PageWide Advantage 2200 Series
2101571612,HP PageWide Advantage 2200 Series
2100469808,HP PageWide Advantage 2200 Series
2101576959,HP PageWide Advantage 2200 Series
2101587198,HP PageWide Advantage 2200 Series
8961173,HP PageWide T1100 Press series
8961174,HP PageWide T1100 Press series
8961175,HP PageWide T1100 Press series
8961179,HP PageWide T1100 Press series
26355293,HP PageWide T1100 Press series
26355294,HP PageWide T1100 Press series
21399086,HP PageWide T1100 Press series
19530750,HP PageWide T1100 Press series
22810482,HP PageWide T1100 Press series
22810485,HP PageWide T1100 Press series
22810486,HP PageWide T1100 Press series
27789658,HP PageWide T1100 Press series
2100471738,HP PageWide T1100 Press series
2100251354,HP PageWide T1100 Press series
2101236398,HP PageWide T1100 Press series
2101592556,HP PageWide T1100 Press series
2101592554,HP PageWide T1100 Press series
22810488,HP PageWide T1100 Press series
19390976,HP PageWide T400S Press
7477383,HP PageWide T400S Press
7477384,HP PageWide T400S Press
6531107,HP PageWide T400S Press
9119112,HP PageWide T400S Press
2100546245,HP PageWide T400S Press
2100546246,HP PageWide T400S Press
18280253,HP PageWide T400S Press
22757945,HP PageWide T400S Press
2100251355,HP PageWide T400S Press
2100251356,HP PageWide T400S Press
2101581477,HP PageWide T700i Press
2101581485,HP PageWide T700i Press
2101581486,HP PageWide T700i Press
2101581487,HP PageWide T700i Press
4187448,HP PageWide Web Press T200 Color series
4187449,HP PageWide Web Press T200 Color series
4182637,HP PageWide Web Press T200 Color series
5340337,HP PageWide Web Press T200 Color series
5268269,HP PageWide Web Press T200 Color series
5337565,HP PageWide Web Press T200 Color series
6235341,HP PageWide Web Press T200 Color series
4182871,HP PageWide Web Press T200 Color series
5344649,HP PageWide Web Press T230 Color series
5268266,HP PageWide Web Press T230 Color series
2101604811,HP PageWide Web Press T230 Color series
5268268,HP PageWide Web Press T230 Color series
2100543965,HP PageWide Web Press T230 Color series
7153866,HP PageWide Web Press T230 Color series
5351425,HP PageWide Web Press T230 Color series
21399085,HP PageWide Web Press T230 Color series
21331413,HP PageWide Web Press T230 Color series
24269563,HP PageWide Web Press T230 Color series
10903050,HP PageWide Web Press T200 HD series
10903051,HP PageWide Web Press T200 HD series
15594552,HP PageWide Web Press T200 HD series
15594555,HP PageWide Web Press T200 HD series
10903052,HP PageWide Web Press T200 HD series
20562158,HP PageWide Web Press T200 HD series
24229915,HP PageWide Web Press T200 HD series
2100123028,HP PageWide Web Press T200 HD series
10903112,HP PageWide Web Press T200 HD series
19146640,HP PageWide Web Press T200 HD series
2100564222,HP PageWide Web Press T200 HD series
24229916,HP PageWide Web Press T200 HD series
2100564223,HP PageWide Web Press T200 HD series
26256613,HP PageWide Web Press T200 HD series
38111491,HP PageWide Web Press T200 HD series
2100178024,HP PageWide Web Press T200 HD series
2100178025,HP PageWide Web Press T200 HD series
7296800,HP PageWide Web Press T260 Mono
7296801,HP PageWide Web Press T260 Mono
7296803,HP PageWide Web Press T260 Mono
6302739,HP PageWide Web Press T260 Mono
9119106,HP PageWide Web Press T260 Mono
7267178,HP PageWide Web Press T260 Mono
23510688,HP PageWide Web Press T260 Mono
2100124329,HP PageWide Web Press T260 Mono
23510689,HP PageWide Web Press T260 Mono
24381405,HP PageWide Web Press T260 Mono
2100124492,HP PageWide Web Press T260 Mono
3961028,HP PageWide Web Press T300 HD series
13432070,HP PageWide Web Press T300 HD series
13432072,HP PageWide Web Press T300 HD series
13432075,HP PageWide Web Press T300 HD series
13432077,HP PageWide Web Press T300 HD series
13432080,HP PageWide Web Press T300 HD series
13432083,HP PageWide Web Press T300 HD series
13432086,HP PageWide Web Press T300 HD series
13432088,HP PageWide Web Press T300 HD series
13432091,HP PageWide Web Press T300 HD series
5344779,HP PageWide Web Press T300 Mono series
5337539,HP PageWide Web Press T300 Mono series
5337474,HP PageWide Web Press T300 Mono series
5338959,HP PageWide Web Press T300 Mono series
5337542,HP PageWide Web Press T300 Mono series
9119107,HP PageWide Web Press T300 Mono series
3961029,HP PageWide Web Press T300 series
3961030,HP PageWide Web Press T300 series
5337465,HP PageWide Web Press T300 series
5337522,HP PageWide Web Press T300 series
5337533,HP PageWide Web Press T300 series
5337534,HP PageWide Web Press T300 series
2100542946,HP PageWide Web Press T300 series
5337537,HP PageWide Web Press T300 series
2100542947,HP PageWide Web Press T300 series
5337538,HP PageWide Web Press T300 series
5268270,HP PageWide Web Press T300 series
2100542948,HP PageWide Web Press T300 series
5337568,HP PageWide Web Press T300 series
2100124704,HP PageWide Web Press T300 series
5337551,HP PageWide Web Press T300 series
5337554,HP PageWide Web Press T300 series
5337557,HP PageWide Web Press T300 series
2100124705,HP PageWide Web Press T300 series
5337562,HP PageWide Web Press T300 series
5337468,HP PageWide Web Press T300 series
3961032,HP PageWide Web Press T300 series
5337569,HP PageWide Web Press T300 series
5337572,HP PageWide Web Press T300 series
5337575,HP PageWide Web Press T300 series
5096391,HP PageWide Web Press T350
5096393,HP PageWide Web Press T350
5337582,HP PageWide Web Press T350
5337585,HP PageWide Web Press T350
5268280,HP PageWide Web Press T350
5096396,HP PageWide Web Press T350
5344796,HP PageWide Web Press T350M
5337576,HP PageWide Web Press T350M
5337578,HP PageWide Web Press T350M
9119108,HP PageWide Web Press T350M
5344797,HP PageWide Web Press T360
5268272,HP PageWide Web Press T360
5268274,HP PageWide Web Press T360
9119109,HP PageWide Web Press T360
5096372,HP PageWide Web Press T400 Color series
5096373,HP PageWide Web Press T400 Color series
5096376,HP PageWide Web Press T400 Color series
5337588,HP PageWide Web Press T400 Color series
5337591,HP PageWide Web Press T400 Color series
5268279,HP PageWide Web Press T400 Color series
5337594,HP PageWide Web Press T400 Color series
24829133,HP PageWide Web Press T400 Color series
5337604,HP PageWide Web Press T400 Color series
5096381,HP PageWide Web Press T400 Color series
5337610,HP PageWide Web Press T400 Color series
5344798,HP PageWide Web Press T400 Mono series
5337595,HP PageWide Web Press T400 Mono series
5337597,HP PageWide Web Press T400 Mono series
5337601,HP PageWide Web Press T400 Mono series
9119110,HP PageWide Web Press T400 Mono series
9119111,HP PageWide Web Press T400 Mono series
9713927,HP PageWide Web Press T400 Mono series
9713929,HP PageWide Web Press T400 Mono series
9713930,HP PageWide Web Press T400 Mono series
5344801,HP PageWide Web Press T410
5268275,HP PageWide Web Press T410
5268278,HP PageWide Web Press T410
5337608,HP PageWide Web Press T410
32613967,HP PageWide Web Press T410
2100543987,HP PageWide Web Press T410
5346844,HP PageWide Web Press T410
8961182,HP PageWide Web Press T400 HD series
8961183,HP PageWide Web Press T400 HD series
8961193,HP PageWide Web Press T400 HD series
11145858,HP PageWide Web Press T400 HD series
8961322,HP PageWide Web Press T400 HD series
11145859,HP PageWide Web Press T400 HD series
2100564221,HP PageWide Web Press T400 HD series
2101546336,HP PageWide Web Press T400 HD series
2101546338,HP PageWide Web Press T400 HD series
11145856,HP PageWide Web Press T400 HD series
9068313,HP PageWide Web Press T400 HD series
22757942,HP PageWide Web Press T400 HD series
27789659,HP PageWide Web Press T400 HD series
2101592555,HP PageWide Web Press T400 HD series
11145860,HP PageWide Web Press T400 HD series
9068312,HP PageWide Web Press T400 HD series
34104723,HP PageWide Web Press T400 HD series
2100088957,HP PageWide Web Press T400 HD series
2101763971,HP Indigo 200K Digital Press
2101649038,HP Indigo 5000 Digital Press series
90623,HP Digital Presses
2101763797,HP Digital Presses
2101764234,HP Indigo 200K Digital Press
2101764233,HP Indigo 200K Digital Press
90275,Digital Presses
2101764292,HP Indigo 200K Digital Press
2102400573,HP PageWide Web Press T250 HD
2102283464,Inkjet Digital Web Press
2102283465,HP PageWide Web Press T4250 HD series
2102283466,HP PageWide Web Press T4250 HD series
2102758480,HP PWP A2200 Transactional Print System
2102148574,HP PageWide Web Press T490 HD
2102148575,HP PageWide Web Press T485 HD
2102823046,HP PWP Adv 2200 Std Print System Bundle
2102030256,HP PageWide T1190 Press
2102758479,HP PageWide Advantage 2200 Series
2101057656,Inkjet Digital Web Press
4211034,HP Inkjet Digital Web Press
2102823045,HP PageWide Advantage 2200 Series
2101686526,Inkjet Digital Web Press
2102221028,HP PageWide Web Press T490 HD
18576095,Inkjet Digital Web Press
2102283467,HP PageWide Web Press T4250 HD
2102241196,HP PageWide Web Press T250 HD
7961028,HP Scitex 11000 Industrial Press
7961029,HP Scitex 11000 Industrial Press
7961030,HP Scitex 11000 Industrial Press
7854152,HP Scitex 11000 Industrial Press
18567004,HP Scitex 11000 Refurbished Industrial Press
18567007,HP Scitex 11000 Refurbished Industrial Press
18567009,HP Scitex 11000 Refurbished Industrial Press
7112807,HP Scitex 15000 Corrugated Press
7112808,HP Scitex 15000 Corrugated Press
7112811,HP Scitex 15000 Corrugated Press
6855980,HP Scitex 15000 Corrugated Press
2100638843,HP Scitex 15000 Corrugated Press
7961021,HP Scitex 15500 Corrugated Press
7961022,HP Scitex 15500 Corrugated Press
7961023,HP Scitex 15500 Corrugated Press
7854153,HP Scitex 15500 Corrugated Press
18567010,HP Scitex 15500 Refurbished Corrugated Press
18567011,HP Scitex 15500 Refurbished Corrugated Press
18567013,HP Scitex 15500 Refurbished Corrugated Press
8566116,HP Scitex 17000 Corrugated Press
8566117,HP Scitex 17000 Corrugated Press
8566120,HP Scitex 17000 Corrugated Press
8482242,HP Scitex 17000 Corrugated Press
2100544237,HP Scitex 17000 Corrugated Press
10912494,HP Scitex 9000 Industrial Press
10912495,HP Scitex 9000 Industrial Press
10912497,HP Scitex 9000 Industrial Press
10912500,HP Scitex 9000 Industrial Press
5366335,HP Scitex FB10000 Industrial Press series
5366336,HP Scitex FB10000 Industrial Press
5366337,HP Scitex FB10000 Industrial Press
5378553,HP Scitex FB10000 Industrial Press
5366339,HP Scitex FB10000 Industrial Press
3692903,HP Scitex FB6100 Industrial Press series
3692904,HP Scitex FB6100 Printer series
3891577,HP Scitex FB6100 Printer series
3891579,HP Scitex FB6100 Printer series
2100110181,HP Scitex FB6100 Printer series
2100110183,HP Scitex FB6100 Printer series
3692905,HP Scitex FB6100 Printer series
3692906,HP Scitex FB6100 Printer series
2101097057,HP Scitex FB6100 Printer series
2100110182,HP Scitex FB6100 Printer series
2100110184,HP Scitex FB6100 Printer series
5292319,HP Scitex FB6700 Industrial Press series
3337942,HP Scitex FB6700 Industrial Press series
3337943,HP Scitex FB6700 Industrial Press series
2100110269,HP Scitex FB6700 Industrial Press series
3742017,HP Scitex FB6700 Industrial Press series
2101097058,HP Scitex FB6700 Industrial Press series
3788129,HP Scitex FB7500 Industrial Press series
3788130,HP Scitex FB7500 Industrial Press
18576105,HP Scitex FB7500 Industrial Press
18576107,HP Scitex FB7500 Industrial Press
3788131,HP Scitex FB7500 Industrial Press
3788141,HP Scitex FB7500 Industrial Press
5153850,HP Scitex FB7600 Industrial Press
5153851,HP Scitex FB7600 Industrial Press
5153852,HP Scitex FB7600 Industrial Press
5153854,HP Scitex FB7600 Industrial Press
18576108,HP Scitex FB7600 Industrial Press
18576110,HP Scitex FB7600 Industrial Press
3558743,HP Scitex TJ8300 Industrial Press series
2512047,HP Scitex TJ8300 Industrial Press
2100110179,HP Scitex TJ8300 Industrial Press
2100110271,HP Scitex TJ8300 Industrial Press
2100110180,HP Scitex TJ8300 Industrial Press
2512049,HP Scitex TJ8300 Industrial Press
3742015,HP Scitex TJ8300 Industrial Press
3864087,HP Scitex TJ8300 Industrial Press
3864090,HP Scitex TJ8300 Industrial Press
3888904,HP Scitex TJ8300 Industrial Press
3864093,HP Scitex TJ8300 Industrial Press
2101097062,HP Scitex TJ8300 Industrial Press
3864049,HP Scitex TJ8300 Industrial Press
3864055,HP Scitex TJ8300 Industrial Press
3888906,HP Scitex TJ8300 Industrial Press
3864080,HP Scitex TJ8300 Industrial Press
3847726,HP Scitex TJ8550 Industrial Press series
3847727,HP Scitex TJ8550 Industrial Press series
3225703,HP Scitex TJ8550 Industrial Press series
2100110272,HP Scitex TJ8550 Industrial Press series
3742016,HP Scitex TJ8550 Industrial Press series
2101097043,HP Scitex TJ8550 Industrial Press series
3847778,HP Scitex TJ8550 Industrial Press series
2100110273,HP Scitex TJ8550 Industrial Press series
3847782,HP Scitex TJ8550 Industrial Press series
18567014,HP Scitex TJ8550 Industrial Press series
18567016,HP Scitex TJ8550 Industrial Press series
3847789,HP Scitex TJ8550 Industrial Press series
3847793,HP Scitex TJ8550 Industrial Press series
18585076,HP Scitex TJ8550 Industrial Press series
18576103,HP Scitex TJ8550 Industrial Press series
3847800,HP Scitex TJ8550 Industrial Press series
3847806,HP Scitex TJ8550 Industrial Press series
3847809,HP Scitex TJ8550 Industrial Press series
3847816,HP Scitex TJ8550 Industrial Press series
4172607,HP Scitex TJ8600 Industrial Press
4172608,HP Scitex TJ8600 Industrial Press
4172609,HP Scitex TJ8600 Industrial Press
4172612,HP Scitex TJ8600 Industrial Press
2101097048,HP Scitex TJ8600 Industrial Press
5220043,HP Scitex TJ8600 Industrial Press
2100110224,HP Scitex Corjet Printer
2100110233,HP Scitex Corjet Printer
2100110263,HP Scitex Corjet Printer
2100110266,HP Scitex Corjet Printer
2100110264,HP Scitex Corjet Printer
2100110267,HP Scitex Corjet Printer
2100110265,HP Scitex Corjet Printer
2100110268,HP Scitex Corjet Printer
4159345,HP Scitex FB500 Industrial Printer
4159346,HP Scitex FB500 Industrial Printer
4159333,HP Scitex FB500 Industrial Printer
4159335,HP Scitex FB500 Industrial Printer
7654914,HP Scitex FB550 Printer
7654915,HP Scitex FB550 Printer
7654918,HP Scitex FB550 Printer
7596773,HP Scitex FB550 Printer
4159347,HP Scitex FB700 Industrial Printer
4159336,HP Scitex FB700 Industrial Printer
4159348,HP Scitex FB700 Industrial Printer
4159338,HP Scitex FB700 Industrial Printer
7654922,HP Scitex FB750 Printer
7654923,HP Scitex FB750 Printer
7654924,HP Scitex FB750 Printer
7596774,HP Scitex FB750 Printer
3651507,HP Scitex FB900 Industrial Printer series
3651508,HP Scitex FB910 Printer series
3651509,HP Scitex FB910 Printer series
3700000,HP Scitex FB910 Printer series
3678320,HP Scitex FB950 Printer series
3678321,HP Scitex FB950 Printer series
3788202,HP Scitex FB950 Printer series
3788203,HP Scitex FB950 Printer series
4159140,HP Scitex LX800 Industrial Printer series
4159141,HP Scitex LX800 Industrial Printer series
4159142,HP Scitex LX800 Industrial Printer series
4159344,HP Scitex LX800 Industrial Printer series
2100110178,HP Scitex Tempo Printer
2100110232,HP Scitex Tempo Printer
2100110261,HP Scitex Tempo Printer
2100110262,HP Scitex Tempo Printer
2511447,HP Scitex XL Industrial Printer series
2100110274,HP Scitex XL.jet Printer series
2100110275,HP Scitex XL.jet Printer series
2100110285,HP Scitex XL.jet Printer series
2100110276,HP Scitex XL.jet Printer series
2100110286,HP Scitex XL.jet Printer series
2100110277,HP Scitex XL.jet Printer series
2100110287,HP Scitex XL.jet Printer series
2100110278,HP Scitex XL.jet Printer series
2100110288,HP Scitex XL.jet Printer series
2100110279,HP Scitex XL.jet Printer series
2100110289,HP Scitex XL.jet Printer series
2100110280,HP Scitex XL.jet Printer series
2100110290,HP Scitex XL.jet Printer series
2100110281,HP Scitex XL.jet Printer series
2100110291,HP Scitex XL.jet Printer series
2100110282,HP Scitex XL.jet Printer series
2100110292,HP Scitex XL.jet Printer series
2100110283,HP Scitex XL.jet Printer series
2100110293,HP Scitex XL.jet Printer series
2100110284,HP Scitex XL.jet Printer series
2100110294,HP Scitex XL.jet Printer series
3340974,HP Scitex XL1200 Industrial Printer series
2100110490,HP Scitex XL1200 Industrial Printer series
2100110515,HP Scitex XL1200 Industrial Printer series
3340975,HP Scitex XL1200 Industrial Printer series
3742018,HP Scitex XL1200 Industrial Printer series
2100110491,HP Scitex XL1200 Industrial Printer series
2100110520,HP Scitex XL1200 Industrial Printer series
2100110519,HP Scitex XL1200 Industrial Printer series
2100110517,HP Scitex XL1200 Industrial Printer series
2100110516,HP Scitex XL1200 Industrial Printer series
2100110518,HP Scitex XL1200 Industrial Printer series
2100110521,HP Scitex XL1200 Industrial Printer series
3340978,HP Scitex XL1200 Industrial Printer series
2100110494,HP Scitex XL1200 Industrial Printer series
2100110492,HP Scitex XL1200 Industrial Printer series
2100110493,HP Scitex XL1200 Industrial Printer series
3742019,HP Scitex XL1200 Industrial Printer series
3340981,HP Scitex XL1200 Industrial Printer series
2100110498,HP Scitex XL1200 Industrial Printer series
2100110495,HP Scitex XL1200 Industrial Printer series
2100110496,HP Scitex XL1200 Industrial Printer series
2100110499,HP Scitex XL1200 Industrial Printer series
3742020,HP Scitex XL1200 Industrial Printer series
2100110497,HP Scitex XL1200 Industrial Printer series
3340920,HP Scitex XL1500 Industrial Printer series
3340928,HP Scitex XL1500 Industrial Printer series
3742021,HP Scitex XL1500 Industrial Printer series
2100110500,HP Scitex XL1500 Industrial Printer series
2100110522,HP Scitex XL1500 Industrial Printer series
2100110523,HP Scitex XL1500 Industrial Printer series
3349291,HP Scitex XL1500 Industrial Printer series
2100110503,HP Scitex XL1500 Industrial Printer series
2100110507,HP Scitex XL1500 Industrial Printer series
2100110501,HP Scitex XL1500 Industrial Printer series
2100110504,HP Scitex XL1500 Industrial Printer series
3742022,HP Scitex XL1500 Industrial Printer series
2100110502,HP Scitex XL1500 Industrial Printer series
2100110505,HP Scitex XL1500 Industrial Printer series
2100110506,HP Scitex XL1500 Industrial Printer series
3340936,HP Scitex XL1500 Industrial Printer series
2100110509,HP Scitex XL1500 Industrial Printer series
2100110508,HP Scitex XL1500 Industrial Printer series
2100110510,HP Scitex XL1500 Industrial Printer series
3742023,HP Scitex XL1500 Industrial Printer series
2100110511,HP Scitex XL1500 Industrial Printer series
2100110512,HP Scitex XL1500 Industrial Printer series
2100110524,HP Scitex XL1500 Industrial Printer series
2100110513,HP Scitex XL1500 Industrial Printer series
2100110525,HP Scitex XL1500 Industrial Printer series
2100110526,HP Scitex XL1500 Industrial Printer series
3391874,HP Scitex XL2200 Industrial Printer series
3391907,HP Scitex XL2200 Industrial Printer series
3644305,HP Scitex XL2200 Industrial Printer series
3692513,HP Scitex XP2100 Industrial Printer series
3692514,HP Scitex XP2100 Industrial Printer series
3692515,HP Scitex XP2100 Industrial Printer series
3692517,HP Scitex XP2100 Industrial Printer series
2101097053,HP Scitex XP2100 Industrial Printer series
2100110185,HP Scitex XP2100 Industrial Printer series
2100110192,HP Scitex XP2100 Industrial Printer series
2100110186,HP Scitex XP2100 Industrial Printer series
2100110193,HP Scitex XP2100 Industrial Printer series
3883996,HP Scitex XP2100 Industrial Printer series
3883998,HP Scitex XP2100 Industrial Printer series
3776968,HP Scitex XP2300 Industrial Printer
3776969,HP Scitex XP2300 Industrial Printer
3776971,HP Scitex XP2300 Industrial Printer
3776972,HP Scitex XP2300 Industrial Printer
2101097064,HP Scitex XP2300 Industrial Printer
5138784,HP Scitex XP2500 Industrial Printer
5138785,HP Scitex XP2500 Industrial Printer
5138786,HP Scitex XP2500 Industrial Printer
5138788,HP Scitex XP2500 Industrial Printer
3692893,HP Scitex XP2700 Industrial Printer
3692894,HP Scitex XP2700 Industrial Printer
3692895,HP Scitex XP2700 Industrial Printer
3692897,HP Scitex XP2700 Industrial Printer
2101097068,HP Scitex XP2700 Industrial Printer
2100110514,HP Scitex XP2700 Industrial Printer
2100110187,HP Scitex XP2700 Industrial Printer
2100110194,HP Scitex XP2700 Industrial Printer
5085113,HP Scitex XP2750 Industrial Printer
5085114,HP Scitex XP2750 Industrial Printer
3883999,HP Scitex XP2750 Industrial Printer
3884001,HP Scitex XP2750 Industrial Printer
2101097047,HP Scitex XP2750 Industrial Printer
3692518,HP Scitex XP5100 Industrial Printer
3692519,HP Scitex XP5100 Industrial Printer
3692520,HP Scitex XP5100 Industrial Printer
3692522,HP Scitex XP5100 Industrial Printer
2101097033,HP Scitex XP5100 Industrial Printer
2100110188,HP Scitex XP5100 Industrial Printer
2100110195,HP Scitex XP5100 Industrial Printer
2100110189,HP Scitex XP5100 Industrial Printer
2100110196,HP Scitex XP5100 Industrial Printer
3692898,HP Scitex XP5300 Industrial Printer
3692899,HP Scitex XP5300 Industrial Printer
3692900,HP Scitex XP5300 Industrial Printer
3692901,HP Scitex XP5300 Industrial Printer
2101097027,HP Scitex XP5300 Industrial Printer
2100110190,HP Scitex XP5300 Industrial Printer
2100110197,HP Scitex XP5300 Industrial Printer
2100110191,HP Scitex XP5300 Industrial Printer
2100110198,HP Scitex XP5300 Industrial Printer
5138789,HP Scitex XP5500 Industrial Printer
5138790,HP Scitex XP5500 Industrial Printer
5138791,HP Scitex XP5500 Industrial Printer
5138793,HP Scitex XP5500 Industrial Printer
5277936,HP Scitex XP5500 Industrial Printer
5333699,Scitex Legacy Printers
5333700,Scitex Legacy Printers
5333701,Scitex Legacy Printers
5333703,Scitex Legacy Printers
18576099,HP PageWide C500 Press
23992339,HP PageWide C500 Press
18576097,HP PageWide C500 Press
18576096,HP PageWide C500 Press
18576095,HP PageWide C500 Press
11460877,3D Printers
12229025,HP 3D Processing Stations
12206575,HP Jet Fusion 3D Processing Station
12206576,HP Jet Fusion 3D Processing Station
12206631,HP Jet Fusion 3D Processing Station
12206634,HP Jet Fusion 3D Processing Station
14494831,HP Jet Fusion 3D Processing Station with Fast Cooling
14494852,HP Jet Fusion 3D Processing Station with Fast Cooling
16902191,HP Jet Fusion 3D Processing Station with Fast Cooling
15831649,HP Jet Fusion 3D Processing Station with Fast Cooling
12206635,HP Jet Fusion 3D Processing Station with Fast Cooling
11461062,HP Jet Fusion 3D Processing Station with Fast Cooling
15831650,HP Jet Fusion 3D Processing Station with Fast Cooling
16902371,HP Jet Fusion 3D Processing Station with Fast Cooling
33730503,HP Jet Fusion 3D Processing Station with Fast Cooling
33730505,HP Jet Fusion 3D Processing Station with Fast Cooling
33730506,HP Jet Fusion 3D Processing Station with Fast Cooling
19954798,HP Jet Fusion 3D Processing Station with Fast Cooling
19954797,HP Jet Fusion 3D Processing Station with Fast Cooling
22344017,HP Jet Fusion 3D Processing Station with Fast Cooling
22344018,HP Jet Fusion 3D Processing Station with Fast Cooling
2100674333,HP Jet Fusion 3D Processing Station with Fast Cooling
29099693,HP Jet Fusion 5200 3D Processing Station
29099694,HP Jet Fusion 5200 3D Processing Station
2100890342,HP Jet Fusion 5200 3D Processing Station
2100890344,HP Jet Fusion 5200 3D Processing Station
29099695,HP Jet Fusion 5200 3D Processing Station
29099697,HP Jet Fusion 5200 3D Processing Station
29099698,HP Jet Fusion 5200 3D Processing Station
29099700,HP Jet Fusion 5200 3D Processing Station
29099701,HP Jet Fusion 5200 3D Processing Station
29099703,HP Jet Fusion 5200 3D Processing Station
2101571908,HP Jet Fusion 5400 3D Processing Station
2101571910,HP Jet Fusion 5400 3D Processing Station
2101572062,HP Jet Fusion 5400 3D Processing Station
2101572064,HP Jet Fusion 5400 3D Processing Station
11460879,HP Jet Fusion 5400 3D Processing Station
21430581,HP Jet Fusion 300 3D Printer series
21430582,HP Jet Fusion 300 3D Printer series
21430583,HP Jet Fusion 300 3D Printer series
21430585,HP Jet Fusion 300 3D Printer series
2100568888,HP Jet Fusion 300 3D Printer series
2100568890,HP Jet Fusion 300 3D Printer series
21430586,HP Jet Fusion 300 3D Printer series
21408819,HP Jet Fusion 300 3D Printer series
2100568884,HP Jet Fusion 300 3D Printer series
2100568886,HP Jet Fusion 300 3D Printer series
11461051,HP Jet Fusion 3D 3200 Printer
11461052,HP Jet Fusion 3D 3200 Printer
11461053,HP Jet Fusion 3D 3200 Printer
11461056,HP Jet Fusion 3D 3200 Printer
11461057,HP Jet Fusion 3D 4200 Printer
11461058,HP Jet Fusion 3D 4200 Printer
11461059,HP Jet Fusion 3D 4200 Printer
11926756,HP Jet Fusion 3D 4200 Printer
15831648,HP Jet Fusion 3D 4200 Printer
33730499,HP Jet Fusion 3D 4200 Printer
33730502,HP Jet Fusion 3D 4200 Printer
19954795,HP Jet Fusion 3D 4200 Printer
19954802,HP Jet Fusion 3D 4200 Printer
22344012,HP Jet Fusion 3D 4200 Printer
22344013,HP Jet Fusion 3D 4200 Printer
22344015,HP Jet Fusion 3D 4200 Printer
21430572,HP Jet Fusion 500 3D Printer series
21430573,HP Jet Fusion 500 3D Printer series
21430574,HP Jet Fusion 500 3D Printer series
21430577,HP Jet Fusion 500 3D Printer series
2100568880,HP Jet Fusion 500 3D Printer series
2100568882,HP Jet Fusion 500 3D Printer series
21430578,HP Jet Fusion 500 3D Printer series
21430580,HP Jet Fusion 500 3D Printer series
2100568876,HP Jet Fusion 500 3D Printer series
2100568878,HP Jet Fusion 500 3D Printer series
29090106,HP Jet Fusion 5200 3D Printer
29090107,HP Jet Fusion 5200 3D Printer
29090108,HP Jet Fusion 5200 3D Printer
29090110,HP Jet Fusion 5200 3D Printer
2100462494,HP Jet Fusion 5200 3D Printer
29090111,HP Jet Fusion 5200 3D Printer
29090113,HP Jet Fusion 5200 3D Printer
2100462497,HP Jet Fusion 5200 3D Printer
29090114,HP Jet Fusion 5200 3D Printer
29090116,HP Jet Fusion 5200 3D Printer
2100485852,HP Jet Fusion 5200 3D Printer
2100890341,HP Jet Fusion 5200 3D Printer
2100890343,HP Jet Fusion 5200 3D Printer
2101153924,HP Jet Fusion 5200 3D Printer
2100456122,HP Jet Fusion 5200 3D Printer
2101571907,HP Jet Fusion 5400 3D Printer
2101571909,HP Jet Fusion 5400 3D Printer
2101572061,HP Jet Fusion 5400 3D Printer
2101572063,HP Jet Fusion 5400 3D Printer
28792432,HP Metal Jet 3D Printer
25017116,HP Jet Fusion 3D Parts
25017120,HP Jet Fusion 3D Parts
25017123,HP Jet Fusion 3D Parts
25017106,HP Metal Jet 3D Printer
28792433,HP Metal Jet 3D Printer
28792435,HP Metal Jet 3D Printer
25017107,HP Metal Jet 3D Printer
25017109,HP Metal Jet 3D Printer
2101139841,HP Metal Jet 3D Printer
2101139846,HP Metal Jet 3D Printer
2101587207,HP Metal Jet 3D Printer
2101284369,HP Metal Jet 3D Printer
2101284371,HP Metal Jet 3D Printer
25017110,HP Metal Jet Production Service
25017111,HP Metal Jet Production Service
25017115,HP Metal Jet Production Service
